Rank, name, year, rating, votes, genres, runtime, titleType, link, certificate, plot, image, director, writer, actors, awards, boxOffice, country, language, rottenTomatoes, metacritic

"1", "The Shawshank Redemption", "1994", "9.3", "3234338", "Drama", "142", "movie", "https://www.imdb.com/title/tt0111161/", "R", "After a banker is sentenced to life in Shawshank Prison, he forms an unlikely friendship with a seasoned inmate and clings to hope amid cruelty and corruption.", "https://m.media-amazon.com/images/M/MV5BMDAyY2FhYjctNDc5OS00MDNlLThiMGUtY2UxYWVkNGY2ZjljXkEyXkFqcGc@._V1_QL75_UX380_CR0,4,380,562_.jpg", "Frank Darabont", "Stephen King, Frank Darabont", "Tim Robbins, Morgan Freeman, Bob Gunton", "Nominated for 7 Oscars. 21 wins & 43 nominations total", "$28,767,189", "United States", "English", "89%", "82/100"
"2", "The Godfather", "1972", "9.2", "2253554", "Crime,Drama", "175", "movie", "https://www.imdb.com/title/tt0068646/", "R", "The aging patriarch of an organized crime dynasty transfers control of his clandestine empire to his reluctant son.", "https://m.media-amazon.com/images/M/MV5BNGEwYjgwOGQtYjg5ZS00Njc1LTk2ZGEtM2QwZWQ2NjdhZTE5XkEyXkFqcGc@._V1_QL75_UY562_CR8,0,380,562_.jpg", "Francis Ford Coppola", "Mario Puzo, Francis Ford Coppola", "Marlon Brando, Al Pacino, James Caan", "Won 3 Oscars. 31 wins & 31 nominations total", "$136,381,073", "United States", "English, Italian, Latin", "97%", "100/100"
"3", "The Dark Knight", "2008", "9.1", "3222886", "Crime,Thriller", "152", "movie", "https://www.imdb.com/title/tt0468569/", "PG-13", "When a menace known as the Joker wreaks havoc and chaos on the people of Gotham, Batman, James Gordon and Harvey Dent must work together to put an end to the madness.", "https://m.media-amazon.com/images/M/MV5BMTMxNTMwODM0NF5BMl5BanBnXkFtZTcwODAyMTk2Mw@@._V1_QL75_UX380_CR0,0,380,562_.jpg", "Christopher Nolan", "Jonathan Nolan, Christopher Nolan, David S. Goyer", "Christian Bale, Heath Ledger, Aaron Eckhart", "Won 2 Oscars. 163 wins & 165 nominations total", "$534,987,076", "United States, United Kingdom", "English, Mandarin", "94%", "85/100"
"4", "The Chaos Class", "1975", "9.1", "46721", "Comedy", "85", "movie", "https://www.imdb.com/title/tt0252487/", "", "Lazy, uneducated students share a very close bond. They live together in the dormitory, where they plan their latest pranks. When a new headmaster arrives, the students naturally try to overthrow him. A comic war of nitwits follows.", "https://m.media-amazon.com/images/M/MV5BZTdhN2ViYjctMGZlZi00ZGRmLWIxMWQtNzJiMDY1ZDcxNjJmXkEyXkFqcGc@._V1_SX300.jpg", "Ertem Egilmez", "Umur Bugay, Rifat Ilgaz", "Kemal Sunal, Münir Özkul, Halit Akçatepe", "", "", "Turkey", "Turkish", "", ""
"5", "The Lord of the Rings: The Return of the King", "2003", "9.0", "2190766", "Adventure,Drama,Fantasy", "201", "movie", "https://www.imdb.com/title/tt0167260/", "PG-13", "Gandalf and Aragorn lead the World of Men against Sauron's army to draw his gaze from Frodo and Sam as they approach Mount Doom with the One Ring.", "https://m.media-amazon.com/images/M/MV5BMTZkMjBjNWMtZGI5OC00MGU0LTk4ZTItODg2NWM3NTVmNWQ4XkEyXkFqcGc@._V1_QL75_UX380_CR0,0,380,562_.jpg", "Peter Jackson", "J.R.R. Tolkien, Fran Walsh, Philippa Boyens", "Elijah Wood, Viggo Mortensen, Ian McKellen", "Won 11 Oscars. 215 wins & 124 nominations total", "$386,975,644", "New Zealand, United States", "English, Quenya, Old English, Sindarin", "94%", "94/100"
"6", "Schindler's List", "1993", "9.0", "1601700", "Biography,Drama,History", "196", "movie", "https://www.imdb.com/title/tt0108052/", "R", "In German-occupied Poland during World War II, industrialist Oskar Schindler gradually becomes concerned for his Jewish workforce after witnessing their persecution by the Nazis.", "https://m.media-amazon.com/images/M/MV5BNjM1ZDQxYWUtMzQyZS00MTE1LWJmZGYtNGUyNTdlYjM3ZmVmXkEyXkFqcGc@._V1_QL75_UX380_CR0,4,380,562_.jpg", "Steven Spielberg", "Thomas Keneally, Steven Zaillian", "Liam Neeson, Ralph Fiennes, Ben Kingsley", "Won 7 Oscars. 91 wins & 49 nominations total", "$96,898,818", "United States", "English, Hebrew, German, Polish, Latin", "98%", "95/100"
"7", "The Godfather Part II", "1974", "9.0", "1511536", "Crime,Drama", "202", "movie", "https://www.imdb.com/title/tt0071562/", "R", "The early life and career of Vito Corleone in 1920s New York City is portrayed, while his son, Michael, expands and tightens his grip on the family crime syndicate.", "https://m.media-amazon.com/images/M/MV5BMDIxMzBlZDktZjMxNy00ZGI4LTgxNDEtYWRlNzRjMjJmOGQ1XkEyXkFqcGc@._V1_QL75_UX380_CR0,4,380,562_.jpg", "Francis Ford Coppola", "Francis Ford Coppola, Mario Puzo", "Al Pacino, Robert De Niro, Robert Duvall", "Won 6 Oscars. 17 wins & 21 nominations total", "$47,834,595", "United States", "English, Italian, Spanish, Latin, Sicilian", "96%", "90/100"
"8", "12 Angry Men", "1957", "9.0", "1001357", "Crime,Drama", "96", "movie", "https://www.imdb.com/title/tt0050083/", "Approved", "The jury in a New York City murder trial is frustrated by a single member whose skeptical caution forces them to more carefully consider the evidence before jumping to a hasty verdict.", "https://m.media-amazon.com/images/M/MV5BYjE4NzdmOTYtYjc5Yi00YzBiLWEzNDEtNTgxZGQ2MWVkN2NiXkEyXkFqcGc@._V1_QL75_UX380_CR0,11,380,562_.jpg", "Sidney Lumet", "Reginald Rose", "Henry Fonda, Lee J. Cobb, Martin Balsam", "Nominated for 3 Oscars. 16 wins & 12 nominations total", "", "United States", "English", "100%", "97/100"
"9", "The Lord of the Rings: The Fellowship of the Ring", "2001", "8.9", "2234406", "Adventure,Drama,Fantasy", "178", "movie", "https://www.imdb.com/title/tt0120737/", "PG-13", "A meek Hobbit from the Shire and eight companions set out on a journey to destroy the powerful One Ring and save Middle-earth from the Dark Lord Sauron.", "https://m.media-amazon.com/images/M/MV5BNzIxMDQ2YTctNDY4MC00ZTRhLTk4ODQtMTVlOWY4NTdiYmMwXkEyXkFqcGc@._V1_QL75_UX380_CR0,1,380,562_.jpg", "Peter Jackson", "J.R.R. Tolkien, Fran Walsh, Philippa Boyens", "Elijah Wood, Ian McKellen, Orlando Bloom", "Won 4 Oscars. 126 wins & 127 nominations total", "$325,873,309", "New Zealand, United States", "English, Sindarin", "91%", "92/100"
"10", "Attack on Titan: The Last Attack", "2024", "8.9", "36446", "Action,Adventure,Animation", "145", "movie", "https://www.imdb.com/title/tt33175825/", "", "The fate of the world hangs in the balance as Eren unleashes the ultimate power of the Titans. With a burning determination to eliminate all who threaten Eldia, he leads an unstoppable army of Colossal Titans towards Marley.", "https://m.media-amazon.com/images/M/MV5BNzVjOWEwYjEtNDJhOC00YjUyLThjMWItMDQwZGY1ODM4YzI3XkEyXkFqcGc@._V1_SX300.jpg", "Yûichirô Hayashi", "Jarrod Greene, Aaron Dismuke, Hajime Isayama", "Tomás Ábalo, Natsuki Hanae, Yoshimasa Hosoya", "", "$2,890,192", "Japan", "Japanese", "", ""
"11", "David Attenborough: A Life on Our Planet", "2020", "8.9", "36396", "Biography,Documentary", "83", "movie", "https://www.imdb.com/title/tt11989890/", "PG", "In this documentary David Attenborough, the celebrated naturalist, reflects upon both the defining moments of his lifetime and the devastating changes he has seen. The film provides a snapshot of global nature loss in a single lif...", "https://m.media-amazon.com/images/M/MV5BOGU4YzhhMTAtNjg1MC00NzY2LTg0NGQtOWJmNGQwNzgyOGE0XkEyXkFqcGc@._V1_SX300.jpg", "Alastair Fothergill, Jonathan Hughes, Keith Scholey", "", "David Attenborough, Max Hughes", "Won 3 Primetime Emmys. 8 wins & 10 nominations total", "", "United Kingdom", "English", "96%", "72/100"
"12", "Tosun Pasha", "1976", "8.9", "26681", "Comedy,History", "90", "movie", "https://www.imdb.com/title/tt0253828/", "", "Two traditionally rival Turkish families, "Seferoglu"s and "Tellioglu"s are competing for the "Green Valley". The winner will be determined by Daver Bey, who has a beautiful young daughter, Leyla. Both families try to arrange a ma...", "https://m.media-amazon.com/images/M/MV5BM2VhZjkxZDAtOTQwMC00Yjk0LTgyOTQtNzQ3YzQ4NGFmOGI5XkEyXkFqcGdeQXVyMjQ2OTI2MzU@._V1_SX300.jpg", "Kartal Tibet", "Nazim Hikmet, Yavuz Turgul", "Kemal Sunal, Müjde Ar, Adile Nasit", "", "", "Turkey", "Turkish", "", ""
"13", "Inception", "2010", "8.8", "2865138", "Adventure,Sci-Fi,Thriller", "148", "movie", "https://www.imdb.com/title/tt1375666/", "PG-13", "A thief who steals corporate secrets through the use of dream-sharing technology is given the inverse task of planting an idea into the mind of a CEO, but his tragic past may doom the project and his team to disaster.", "https://m.media-amazon.com/images/M/MV5BMjAxMzY3NjcxNF5BMl5BanBnXkFtZTcwNTI5OTM0Mw@@._V1_QL75_UX380_CR0,0,380,562_.jpg", "Christopher Nolan", "Christopher Nolan", "Leonardo DiCaprio, Joseph Gordon-Levitt, Elliot Page", "Won 4 Oscars. 160 wins & 220 nominations total", "$292,587,330", "United Kingdom, United States", "English, Japanese, French", "86%", "74/100"
"14", "Fight Club", "1999", "8.8", "2657623", "Crime,Drama,Thriller", "139", "movie", "https://www.imdb.com/title/tt0137523/", "R", "An insomniac office worker and a devil-may-care soap maker form an underground fight club that evolves into much more.", "https://m.media-amazon.com/images/M/MV5BOTgyOGQ1NDItNGU3Ny00MjU3LTg2YWEtNmEyYjBiMjI1Y2M5XkEyXkFqcGc@._V1_QL75_UX380_CR0,4,380,562_.jpg", "David Fincher", "Chuck Palahniuk, Jim Uhls", "Brad Pitt, Edward Norton, Meat Loaf", "Nominated for 1 Oscar. 12 wins & 38 nominations total", "$37,834,891", "United States, Germany", "English", "81%", "67/100"
"15", "Forrest Gump", "1994", "8.8", "2532025", "Drama,Romance", "142", "movie", "https://www.imdb.com/title/tt0109830/", "PG-13", "The history of the United States from the 1950s to the '70s unfolds from the perspective of an Alabama man with an IQ of 75, who yearns to be reunited with his childhood sweetheart.", "https://m.media-amazon.com/images/M/MV5BNDYwNzVjMTItZmU5YS00YjQ5LTljYjgtMjY2NDVmYWMyNWFmXkEyXkFqcGc@._V1_QL75_UY562_CR4,0,380,562_.jpg", "Robert Zemeckis", "Winston Groom, Eric Roth", "Tom Hanks, Robin Wright, Gary Sinise", "Won 6 Oscars. 51 wins & 74 nominations total", "$330,455,270", "United States", "English", "75%", "82/100"
"16", "Pulp Fiction", "1994", "8.8", "2464949", "Crime,Drama", "154", "movie", "https://www.imdb.com/title/tt0110912/", "R", "The lives of two mob hitmen, a boxer, a gangster and his wife, and a pair of diner bandits intertwine in four tales of violence and redemption.", "https://m.media-amazon.com/images/M/MV5BYTViYTE3ZGQtNDBlMC00ZTAyLTkyODMtZGRiZDg0MjA2YThkXkEyXkFqcGc@._V1_QL75_UY562_CR3,0,380,562_.jpg", "Quentin Tarantino", "Quentin Tarantino, Roger Avary", "John Travolta, Uma Thurman, Samuel L. Jackson", "Won 1 Oscar. 69 wins & 72 nominations total", "$107,928,762", "United States", "English, Spanish, French", "92%", "95/100"
"17", "The Lord of the Rings: The Two Towers", "2002", "8.8", "1981687", "Adventure,Drama,Fantasy", "179", "movie", "https://www.imdb.com/title/tt0167261/", "PG-13", "While Frodo and Sam edge closer to Mordor with the help of the shifty Gollum, the divided fellowship makes a stand against Sauron's new ally, Saruman, and his hordes of Isengard.", "https://m.media-amazon.com/images/M/MV5BMGQxMDdiOWUtYjc1Ni00YzM1LWE2NjMtZTg3Y2JkMjEzMTJjXkEyXkFqcGc@._V1_QL75_UX380_CR0,14,380,562_.jpg", "Peter Jackson", "J.R.R. Tolkien, Fran Walsh, Philippa Boyens", "Elijah Wood, Ian McKellen, Viggo Mortensen", "Won 2 Oscars. 132 wins & 139 nominations total", "$350,104,956", "New Zealand, United States", "English, Sindarin, Old English", "95%", "87/100"
"18", "The Good, the Bad and the Ugly", "1966", "8.8", "900169", "Adventure,Drama,Western", "178", "movie", "https://www.imdb.com/title/tt0060196/", "R", "A bounty-hunting scam joins two men in an uneasy alliance against a third in a race to find a fortune in gold buried in a remote cemetery.", "https://m.media-amazon.com/images/M/MV5BMWM5ZjQxM2YtNDlmYi00ZDNhLWI4MWUtN2VkYjBlMTY1ZTkwXkEyXkFqcGc@._V1_QL75_UX380_CR0,4,380,562_.jpg", "Sergio Leone", "Luciano Vincenzoni, Sergio Leone, Agenore Incrocci", "Clint Eastwood, Eli Wallach, Lee Van Cleef", "2 wins & 5 nominations total", "$25,100,000", "Italy, Spain, West Germany, United States", "English, Italian", "97%", "90/100"
"19", "Punjab '95", "2026", "8.8", "106494", "Biography,Crime,Drama", "169", "movie", "https://www.imdb.com/title/tt28089784/", "", "Based on the life of prominent human rights activist Jaswant Singh Khalra.", "https://m.media-amazon.com/images/M/MV5BOTk1YTdiMDItZjAzOS00Njc0LTk3YTUtYjdiMWMyNDFhM2QzXkEyXkFqcGc@._V1_QL75_UY562_CR35,0,380,562_.jpg", "Honey Trehan", "Niren Bhatt, Utsav Maitra, Honey Trehan", "Diljit Dosanjh, Saurabh Sachdeva, Veer Abhinav", "", "", "India", "Punjabi, Hindi, English", "", ""
"20", "Mirror Game", "2016", "8.8", "31143", "Crime,Mystery,Thriller", "147", "movie", "https://www.imdb.com/title/tt5354160/", "", "A struggling actor becomes a professional impostor, hired to impersonate people for financial gain, but as he delves deeper into his work he becomes embroiled in trouble that threatens to unravel his life.", "https://m.media-amazon.com/images/M/MV5BNTcwOGQyYjItNzA0OC00N2UyLWE4ZmItZDgyMGM3MDUyNGVhXkEyXkFqcGc@._V1_SX300.jpg", "Amitabh Reza Chowdhury", "Syed Gaosul Alam Shaon, Anam Biswas, Adnan Adib Khan", "Chanchal Chowdhury, Masuma Rahman Nabila, Partha Barua", "7 wins total", "", "Bangladesh", "Bengali", "", ""
"21", "Interstellar", "2014", "8.7", "2602282", "Adventure,Drama,Sci-Fi", "169", "movie", "https://www.imdb.com/title/tt0816692/", "PG-13", "When Earth becomes uninhabitable in the future, a farmer and ex-NASA pilot, Joseph Cooper, is tasked to pilot a spacecraft, along with a team of researchers, to find a new planet for humans.", "https://m.media-amazon.com/images/M/MV5BYzdjMDAxZGItMjI2My00ODA1LTlkNzItOWFjMDU5ZDJlYWY3XkEyXkFqcGc@._V1_QL75_UX380_CR0,0,380,562_.jpg", "Christopher Nolan", "Jonathan Nolan, Christopher Nolan", "Matthew McConaughey, Anne Hathaway, Jessica Chastain", "Won 1 Oscar. 45 wins & 148 nominations total", "$203,227,580", "United States, United Kingdom, Canada", "English", "73%", "74/100"
"22", "The Matrix", "1999", "8.7", "2275634", "Action,Sci-Fi", "136", "movie", "https://www.imdb.com/title/tt0133093/", "R", "When a beautiful stranger leads computer hacker Neo to a forbidding underworld, he discovers the shocking truth--the life he knows is the elaborate deception of an evil cyber-intelligence.", "https://m.media-amazon.com/images/M/MV5BN2NmN2VhMTQtMDNiOS00NDlhLTliMjgtODE2ZTY0ODQyNDRhXkEyXkFqcGc@._V1_QL75_UX380_CR0,4,380,562_.jpg", "Lana Wachowski, Lilly Wachowski", "Lilly Wachowski, Lana Wachowski", "Keanu Reeves, Laurence Fishburne, Carrie-Anne Moss", "Won 4 Oscars. 42 wins & 52 nominations total", "$177,559,005", "United States, Australia", "English", "83%", "73/100"
"23", "Star Wars: Episode V - The Empire Strikes Back", "1980", "8.7", "1522108", "Adventure,Fantasy,Sci-Fi", "124", "movie", "https://www.imdb.com/title/tt0080684/", "PG", "After the Empire overpowers the Rebel Alliance, Luke Skywalker begins training with Jedi Master Yoda, while Darth Vader and bounty hunter Boba Fett pursue his friends across the galaxy.", "https://m.media-amazon.com/images/M/MV5BMTkxNGFlNDktZmJkNC00MDdhLTg0MTEtZjZiYWI3MGE5NWIwXkEyXkFqcGc@._V1_SX300.jpg", "Irvin Kershner", "Leigh Brackett, Lawrence Kasdan, George Lucas", "Mark Hamill, Harrison Ford, Carrie Fisher", "Won 1 Oscar. 27 wins & 21 nominations total", "$292,753,960", "United States", "English", "93%", "82/100"
"24", "GoodFellas", "1990", "8.7", "1411221", "Biography,Crime,Drama", "145", "movie", "https://www.imdb.com/title/tt0099685/", "R", "The story of Henry Hill and his life in the mafia, covering his relationship with his wife Karen and his mob partners Jimmy Conway and Tommy DeVito.", "https://m.media-amazon.com/images/M/MV5BN2E5NzI2ZGMtY2VjNi00YTRjLWI1MDUtZGY5OWU1MWJjZjRjXkEyXkFqcGc@._V1_QL75_UX380_CR0,3,380,562_.jpg", "Martin Scorsese", "Nicholas Pileggi, Martin Scorsese", "Robert De Niro, Ray Liotta, Joe Pesci", "Won 1 Oscar. 44 wins & 38 nominations total", "$46,909,721", "United States", "English, Italian, Hebrew, Yiddish", "93%", "92/100"
"25", "12th Fail", "2023", "8.7", "176864", "Biography,Drama", "147", "movie", "https://www.imdb.com/title/tt23849204/", "", "The real-life story of IPS Officer Manoj Kumar Sharma and IRS Officer Shraddha Joshi.", "https://m.media-amazon.com/images/M/MV5BNTE3OTIxZDYtNjA0NC00N2YxLTg1NGQtOTYxNmZkMDkwOWNjXkEyXkFqcGc@._V1_SX300.jpg", "Vidhu Vinod Chopra", "Vidhu Vinod Chopra, Jaskunwar Kohli, Anurag Pathak", "Vikrant Massey, Medha Shankr, Anant Joshi", "31 wins & 40 nominations total", "", "India", "Hindi, English", "91%", ""
"26", "Kill Bill: The Whole Bloody Affair", "2004", "8.7", "57003", "Action,Crime,Thriller", "253", "movie", "https://www.imdb.com/title/tt6019206/", "Not Rated", "A female assassin seeks revenge on her former lover and squad members, all of whom left her for dead.", "https://m.media-amazon.com/images/M/MV5BZDc2YzhkODAtZmRmZS00YzcxLWJkYWEtM2ZhZjY3MmMyZmJiXkEyXkFqcGc@._V1_QL75_UX380_CR0,4,380,562_.jpg", "Quentin Tarantino", "Quentin Tarantino, Uma Thurman", "Vivica A. Fox, Ambrosia Kelley, Michael Parks", ". See the Top 250 movies as rated by IMDb users", "$6,002,538", "United States", "English, Japanese, Mandarin, French, Cantonese, Spanish", "100%", "95/100"
"27", "777 Charlie", "2022", "8.7", "48534", "Adventure,Comedy,Drama", "164", "movie", "https://www.imdb.com/title/tt7466810/", "", "Dharma is stuck in a rut with his negative and lonely lifestyle and spends each day in the comfort of his loneliness. A pup named Charlie enters his life and gives him a new perspective towards it.", "https://m.media-amazon.com/images/M/MV5BOWY4MzlmNjItZGYzMS00ZDVhLWI2ZDMtNWEwZTBiMmU0YzQ4XkEyXkFqcGc@._V1_SX300.jpg", "Kiranraj K", "Kiranraj K, K.N. Vijay Kumar, Satheesh Muthukulam", "Rakshit Shetty, Charlie, Sangeetha Sringeri", "3 wins & 6 nominations total", "", "India", "Kannada", "100%", ""
"28", "Seven", "1995", "8.6", "2056032", "Crime,Drama,Mystery", "127", "movie", "https://www.imdb.com/title/tt0114369/", "R", "Two detectives try to track down a serial killer who chooses his victims based on the Seven Deadly Sins.", "https://m.media-amazon.com/images/M/MV5BY2IzNzMxZjctZjUxZi00YzAxLTk3ZjMtODFjODdhMDU5NDM1XkEyXkFqcGc@._V1_QL75_UX380_CR0,16,380,562_.jpg", "David Fincher", "Andrew Kevin Walker", "Morgan Freeman, Brad Pitt, Kevin Spacey", "Nominated for 1 Oscar. 29 wins & 44 nominations total", "$101,871,174", "United States", "English", "84%", "65/100"
"29", "The Silence of the Lambs", "1991", "8.6", "1746997", "Crime,Drama,Horror", "118", "movie", "https://www.imdb.com/title/tt0102926/", "R", "A young F.B.I. cadet must receive the help of an incarcerated and manipulative cannibal killer to help catch another serial killer, a madman who skins his victims.", "https://m.media-amazon.com/images/M/MV5BNDdhOGJhYzctYzYwZC00YmI2LWI0MjctYjg4ODdlMDExYjBlXkEyXkFqcGc@._V1_QL75_UY562_CR1,0,380,562_.jpg", "Jonathan Demme", "Thomas Harris, Ted Tally", "Jodie Foster, Anthony Hopkins, Scott Glenn", "Won 5 Oscars. 71 wins & 50 nominations total", "$130,742,922", "United States", "English, Latin", "95%", "86/100"
"30", "Saving Private Ryan", "1998", "8.6", "1660316", "Drama,War", "169", "movie", "https://www.imdb.com/title/tt0120815/", "R", "Following the Normandy Landings, a group of U.S. soldiers go behind enemy lines to retrieve a paratrooper whose comrades have been killed in action.", "https://m.media-amazon.com/images/M/MV5BZGZhZGQ1ZWUtZTZjYS00MDJhLWFkYjctN2ZlYjE5NWYwZDM2XkEyXkFqcGc@._V1_QL75_UY562_CR1,0,380,562_.jpg", "Steven Spielberg", "Robert Rodat", "Tom Hanks, Matt Damon, Tom Sizemore", "Won 5 Oscars. 79 wins & 75 nominations total", "$217,049,603", "United States", "English, French, German, Czech", "94%", "91/100"
"31", "Star Wars: Episode IV - A New Hope", "1977", "8.6", "1587208", "Action,Adventure,Fantasy", "121", "movie", "https://www.imdb.com/title/tt0076759/", "PG", "Luke Skywalker joins forces with a Jedi Knight, a cocky pilot, a Wookiee and two droids to save the galaxy from the Empire's world-destroying battle station, while also attempting to rescue Princess Leia from the mysterious Darth ...", "https://m.media-amazon.com/images/M/MV5BOGUwMDk0Y2MtNjBlNi00NmRiLTk2MWYtMGMyMDlhYmI4ZDBjXkEyXkFqcGc@._V1_SX300.jpg", "George Lucas", "George Lucas", "Mark Hamill, Harrison Ford, Carrie Fisher", "Won 6 Oscars. 70 wins & 31 nominations total", "$460,998,507", "United States", "English", "93%", "90/100"
"32", "The Green Mile", "1999", "8.6", "1583150", "Crime,Drama,Fantasy", "189", "movie", "https://www.imdb.com/title/tt0120689/", "R", "A death row guard learns that a gentle giant in his charge possesses a mysterious gift.", "https://m.media-amazon.com/images/M/MV5BMTUxMzQyNjA5MF5BMl5BanBnXkFtZTYwOTU2NTY3._V1_QL75_UX380_CR0,0,380,562_.jpg", "Frank Darabont", "Stephen King, Frank Darabont", "Tom Hanks, Michael Clarke Duncan, David Morse", "Nominated for 4 Oscars. 15 wins & 37 nominations total", "$136,801,374", "United States", "English, French", "78%", "61/100"
"33", "Terminator 2: Judgment Day", "1991", "8.6", "1299289", "Action,Adventure,Sci-Fi", "137", "movie", "https://www.imdb.com/title/tt0103064/", "R", "A cyborg from the future, identical to the one who failed to kill Sarah Connor, must now protect her ten-year-old son John from an even more advanced and powerful cyborg.", "https://m.media-amazon.com/images/M/MV5BNGMyMGNkMDUtMjc2Ni00NWFlLTgyODEtZTY2MzBiZTg0OWZiXkEyXkFqcGc@._V1_QL75_UX380_CR0,1,380,562_.jpg", "James Cameron", "James Cameron, William Wisher", "Arnold Schwarzenegger, Linda Hamilton, Edward Furlong", "Won 4 Oscars. 39 wins & 33 nominations total", "$205,881,154", "United States, France", "English, Spanish", "90%", "75/100"
"34", "One Flew Over the Cuckoo's Nest", "1975", "8.6", "1166095", "Drama", "133", "movie", "https://www.imdb.com/title/tt0073486/", "R", "A rebellious convict is sent to a psychiatric hospital for evaluation in 1963 Oregon, and encourages his docile companions to take more control of their lives and defy the tyrannical head nurse.", "https://m.media-amazon.com/images/M/MV5BYjBkMjgzMzYtNzRiMS00NDc3LWE4YTUtZjYxYjZhNjNhYzhhXkEyXkFqcGc@._V1_QL75_UX380_CR0,1,380,562_.jpg", "Miloš Forman", "Lawrence Hauben, Bo Goldman, Ken Kesey", "Jack Nicholson, Louise Fletcher, Michael Berryman", "Won 5 Oscars. 38 wins & 15 nominations total", "$108,981,275", "United States", "English", "92%", "84/100"
"35", "Spirited Away", "2001", "8.6", "983495", "Adventure,Animation,Family", "124", "movie", "https://www.imdb.com/title/tt0245429/", "PG", "During her family's move to the suburbs, a sullen 10-year-old girl wanders into a world ruled by gods, witches and spirits, and where humans are changed into beasts.", "https://m.media-amazon.com/images/M/MV5BNTEyNmEwOWUtYzkyOC00ZTQ4LTllZmUtMjk0Y2YwOGUzYjRiXkEyXkFqcGc@._V1_QL75_UX380_CR0,0,380,562_.jpg", "Hayao Miyazaki", "Hayao Miyazaki", "Miyu Irino, Rumi Hiiragi, Mari Natsuki", "Won 1 Oscar. 58 wins & 31 nominations total", "$14,821,254", "Japan, United States", "Japanese, English", "96%", "96/100"
"36", "City of God", "2002", "8.6", "881169", "Crime,Drama", "130", "movie", "https://www.imdb.com/title/tt0317248/", "R", "In the slums of Rio, two kids' paths diverge as one struggles to become a photographer and the other a kingpin.", "https://m.media-amazon.com/images/M/MV5BYjY4NGI5OTUtY2ZlZS00Zjk4LTk5N2MtN2JmYWVjNGNmMGRlXkEyXkFqcGc@._V1_QL75_UY562_CR1,0,380,562_.jpg", "Kátia Lund, Fernando Meirelles", "Bráulio Mantovani, Paulo Lins", "Alexandre Rodrigues, Leandro Firmino, Matheus Nachtergaele", "Nominated for 4 Oscars. 76 wins & 50 nominations total", "$7,564,459", "Brazil", "Portuguese", "91%", "79/100"
"37", "Life Is Beautiful", "1997", "8.6", "822009", "Comedy,Drama,Romance", "116", "movie", "https://www.imdb.com/title/tt0118799/", "PG-13", "When an open-minded Jewish waiter and his son become victims of the Holocaust, he uses a perfect mixture of will, humor and imagination to protect his son from the dangers around their camp.", "https://m.media-amazon.com/images/M/MV5BZTBhOGYzZjQtYzE0Mi00MGIwLWE0MWYtNzMxNTM2OTFkM2NjXkEyXkFqcGc@._V1_QL75_UX380_CR0,2,380,562_.jpg", "Roberto Benigni", "Vincenzo Cerami, Roberto Benigni", "Roberto Benigni, Nicoletta Braschi, Giorgio Cantarini", "Won 3 Oscars. 72 wins & 52 nominations total", "$57,563,264", "Italy", "Italian, German, English", "80%", "58/100"
"38", "It's a Wonderful Life", "1946", "8.6", "558856", "Drama,Family,Fantasy", "130", "movie", "https://www.imdb.com/title/tt0038650/", "PG", "An angel is sent from Heaven to help a desperately frustrated businessman see the value of his own life.", "https://m.media-amazon.com/images/M/MV5BMDM4OWFhYjEtNTE5Yy00NjcyLTg5N2UtZDQwNDZlYjlmNDU5XkEyXkFqcGc@._V1_SX300.jpg", "Frank Capra", "Frances Goodrich, Albert Hackett, Frank Capra", "James Stewart, Donna Reed, Lionel Barrymore", "Nominated for 5 Oscars. 11 wins & 7 nominations total", "$1,483,643", "United States", "English, French", "94%", "89/100"
"39", "Seven Samurai", "1954", "8.6", "405420", "Action,Drama", "207", "movie", "https://www.imdb.com/title/tt0047478/", "Not Rated", "Farmers from a village exploited by bandits hire a veteran samurai for protection, and he gathers six other samurai to join him.", "https://m.media-amazon.com/images/M/MV5BZjliMWExOTMtZDQ3ZS00NWU3LWIyN2EtMjllNzk3ZTNlYzg4XkEyXkFqcGc@._V1_SX300.jpg", "Akira Kurosawa", "Akira Kurosawa, Shinobu Hashimoto, Hideo Oguni", "Toshirô Mifune, Takashi Shimura, Keiko Tsushima", "Nominated for 2 Oscars. 5 wins & 9 nominations total", "$820,278", "Japan", "Japanese", "100%", "98/100"
"40", "Jai Bhim", "2021", "8.6", "236192", "Crime,Drama", "164", "movie", "https://www.imdb.com/title/tt15097216/", "Approved", "When a tribal man is arrested for a case of alleged theft, his wife turns to a human-rights lawyer to help bring justice.", "https://m.media-amazon.com/images/M/MV5BZjEyNDIzNmEtMjdkYS00ZDAwLTljOWYtNDRhYTVhYTlmOTk1XkEyXkFqcGc@._V1_SX300.jpg", "T.J. Gnanavel", "T.J. Gnanavel, Rajendra Sapre", "Suriya, Lijo Mol Jose, Manikandan K.", "14 wins & 20 nominations total", "", "India, United States", "Tamil", "100%", ""
"41", "Soorarai Pottru", "2020", "8.6", "132829", "Drama", "153", "movie", "https://www.imdb.com/title/tt10189514/", "TV-MA", "A determined villager challenges the aviation industry's elite by pursuing his vision of affordable air travel for all, despite numerous obstacles and setbacks", "https://m.media-amazon.com/images/M/MV5BZTU5NTNmMjAtODM0Mi00YzU5LTk1OWQtZWU1NzZhMzBjYjY1XkEyXkFqcGc@._V1_SX300.jpg", "Sudha Kongara", "Sudha Kongara, Shalini Ushadevi, Vijay Kumar", "Suriya, Aparna Balamurali, Paresh Rawal", "23 wins & 24 nominations total", "", "India", "Tamil", "67%", ""
"42", "Harakiri", "1962", "8.6", "93892", "Drama,Mystery", "133", "movie", "https://www.imdb.com/title/tt0056058/", "Not Rated", "When a ronin requesting seppuku at a feudal lord's palace is told of the brutal suicide of another ronin who previously visited, he reveals how their pasts are intertwined - and in doing so challenges the clan's integrity.", "https://m.media-amazon.com/images/M/MV5BZThiZjU5ZDQtZDI4Mi00ZGYyLTkzOTktYmIzZTFlZTkxYzg5XkEyXkFqcGc@._V1_QL75_UY562_CR5,0,380,562_.jpg", "Masaki Kobayashi", "Yasuhiko Takiguchi, Shinobu Hashimoto", "Tatsuya Nakadai, Akira Ishihama, Shima Iwashita", "9 wins & 3 nominations total", "", "Japan", "Japanese", "100%", "85/100"
"43", "20 Days in Mariupol", "2023", "8.6", "65574", "Documentary,War", "97", "movie", "https://www.imdb.com/title/tt24082438/", "TV-PG", "An AP team of Ukrainian journalists trapped in the besieged city of Mariupol struggle to continue their work documenting atrocities of the Russian invasion.", "https://m.media-amazon.com/images/M/MV5BZmY2ODlmNmQtODQ2MS00OTlkLWIyNTEtNzhhNTEyNjNjMjdjXkEyXkFqcGc@._V1_SX300.jpg", "Mstyslav Chernov", "Mstyslav Chernov", "Liudmyla Amelkina, Mstyslav Chernov, Roman Golovanov", "Won 1 Oscar. 34 wins & 51 nominations total", "", "Ukraine, United States", "Ukrainian, English, Russian", "100%", "83/100"
"44", "Rocketry: The Nambi Effect", "2022", "8.6", "62610", "Biography,Drama", "157", "movie", "https://www.imdb.com/title/tt9263550/", "Not Rated", "The story of Indian Space Research Organization scientist Nambi Narayanan, who was framed for being a spy and arrested in 1994.", "https://m.media-amazon.com/images/M/MV5BODkyMDUwNWUtOWMxNC00YWZlLWE4MjAtNDZjYTgyN2VmOGJhXkEyXkFqcGc@._V1_SX300.jpg", "Madhavan", "Madhavan, Ananth Mahadevan, Rahul Pandey", "Madhavan, Simran, Rajit Kapoor", "6 wins & 19 nominations total", "", "India", "Hindi, Tamil, English, French", "64%", ""
"45", "Anbe Sivam", "2003", "8.6", "28590", "Adventure,Comedy,Drama", "160", "movie", "https://www.imdb.com/title/tt0367495/", "Not Rated", "Two men, one young and arrogant, the other damaged - physically but not spiritually - by life, are thrown together by circumstances, and find that they are in some ways bound together by fate.", "https://m.media-amazon.com/images/M/MV5BYjY2NDNhOTItNjAwMi00ZjA0LTkzOGYtNWJkZmZiN2FlODU4XkEyXkFqcGdeQXVyMTEzNzg0Mjkx._V1_SX300.jpg", "Sundar C.", "Kamal Haasan, Madan, Mohan Nair", "Kamal Haasan, Madhavan, Kiran Rathod", "2 wins & 3 nominations", "", "India", "Tamil, Hindi", "", ""
"46", "Nayakan", "1987", "8.6", "28184", "Crime,Drama", "145", "movie", "https://www.imdb.com/title/tt0093603/", "Not Rated", "A common man's struggles against a corrupt police force put him on the wrong side of the law. He becomes a don, who is loved and respected by many, but his growing power and influence exact a heavy toll.", "https://m.media-amazon.com/images/M/MV5BNDgyNDFhMTgtM2Y5YS00MTczLWJmODktNTAzZGIyYWNjYmFjXkEyXkFqcGc@._V1_SX300.jpg", "Mani Ratnam", "Balakumaran, Rajasri, Mani Ratnam", "Kamal Haasan, Saranya Ponvannan, Delhi Ganesh", "7 wins & 1 nomination total", "", "India", "Tamil", "", ""
"47", "Django Unchained", "2012", "8.5", "1911425", "Drama,Western", "165", "movie", "https://www.imdb.com/title/tt1853728/", "R", "With the help of a German bounty-hunter, a freed slave sets out to rescue his wife from a brutal plantation owner in Mississippi.", "https://m.media-amazon.com/images/M/MV5BMjIyNTQ5NjQ1OV5BMl5BanBnXkFtZTcwODg1MDU4OA@@._V1_QL75_UX380_CR0,0,380,562_.jpg", "Quentin Tarantino", "Quentin Tarantino", "Jamie Foxx, Christoph Waltz, Leonardo DiCaprio", "Won 2 Oscars. 58 wins & 158 nominations total", "$162,805,434", "United States", "English, German, French, Italian", "87%", "81/100"
"48", "Gladiator", "2000", "8.5", "1879579", "Action,Adventure,Drama", "155", "movie", "https://www.imdb.com/title/tt0172495/", "R", "A former Roman General sets out to exact vengeance against the corrupt emperor who murdered his family and sent him into slavery.", "https://m.media-amazon.com/images/M/MV5BYWQ4YmNjYjEtOWE1Zi00Y2U4LWI4NTAtMTU0MjkxNWQ1ZmJiXkEyXkFqcGc@._V1_QL75_UX380_CR0,0,380,562_.jpg", "Ridley Scott", "David Franzoni, John Logan, William Nicholson", "Russell Crowe, Joaquin Phoenix, Connie Nielsen", "Won 5 Oscars. 61 wins & 105 nominations total", "$187,705,427", "United States, United Kingdom, Malta, Morocco", "English", "80%", "67/100"
"49", "The Prestige", "2006", "8.5", "1623407", "Drama,Mystery,Sci-Fi", "130", "movie", "https://www.imdb.com/title/tt0482571/", "PG-13", "Two friends and fellow magicians become bitter enemies after a sudden tragedy. As they devote themselves to this rivalry, they make sacrifices that bring them fame but, with terrible consequences.", "https://m.media-amazon.com/images/M/MV5BMTM3MzQ5MjQ5OF5BMl5BanBnXkFtZTcwMTQ3NzMzMw@@._V1_QL75_UY562_CR0,0,380,562_.jpg", "Christopher Nolan", "Jonathan Nolan, Christopher Nolan, Christopher Priest", "Christian Bale, Hugh Jackman, Scarlett Johansson", "Nominated for 2 Oscars. 6 wins & 44 nominations total", "$53,089,891", "United Kingdom, United States", "English", "77%", "66/100"
"50", "The Departed", "2006", "8.5", "1576448", "Crime,Drama,Thriller", "151", "movie", "https://www.imdb.com/title/tt0407887/", "R", "An undercover cop and a mole in the police attempt to identify each other while infiltrating an Irish gang in South Boston.", "https://m.media-amazon.com/images/M/MV5BMTI1MTY2OTIxNV5BMl5BanBnXkFtZTYwNjQ4NjY3._V1_QL75_UY562_CR0,0,380,562_.jpg", "Martin Scorsese", "William Monahan, Alan Mak, Felix Chong", "Leonardo DiCaprio, Matt Damon, Jack Nicholson", "Won 4 Oscars. 100 wins & 141 nominations total", "$132,399,394", "United States, Hong Kong", "English, Cantonese", "91%", "85/100"
"51", "Back to the Future", "1985", "8.5", "1473860", "Adventure,Comedy,Sci-Fi", "116", "movie", "https://www.imdb.com/title/tt0088763/", "PG", "Marty McFly, a 17-year-old high school student, is accidentally sent 30 years into the past in a time-traveling DeLorean invented by his close friend, the maverick scientist Doc Brown.", "https://m.media-amazon.com/images/M/MV5BZmM3ZjE0NzctNjBiOC00MDZmLTgzMTUtNGVlOWFlOTNiZDJiXkEyXkFqcGc@._V1_QL75_UX380_CR0,14,380,562_.jpg", "Robert Zemeckis", "Robert Zemeckis, Bob Gale", "Michael J. Fox, Christopher Lloyd, Lea Thompson", "Won 1 Oscar. 27 wins & 25 nominations total", "$222,476,852", "United States", "English", "93%", "88/100"
"52", "Léon: The Professional", "1994", "8.5", "1364426", "Action,Crime,Drama", "110", "movie", "https://www.imdb.com/title/tt0110413/", "R", "When her family is murdered by a group of corrupt officers led by the tyrannical Norman Stansfield, a young 12-year-old girl enlists the help of an Italian-American hitman to seek revenge.", "https://m.media-amazon.com/images/M/MV5BNGRkYTNhOWQtYmI0Ni00MjZhLWJmMzAtMTA2Mjg4NGNiNDU0XkEyXkFqcGc@._V1_QL75_UX380_CR0,2,380,562_.jpg", "Luc Besson", "Luc Besson", "Jean Reno, Gary Oldman, Natalie Portman", "5 wins & 16 nominations total", "$19,501,238", "France, United States", "English, Italian, French", "76%", "64/100"
"53", "American History X", "1998", "8.5", "1285590", "Crime,Drama", "119", "movie", "https://www.imdb.com/title/tt0120586/", "R", "A European-American man is released from prison and now a changed man and hopes to prevent his younger brother from following in his footsteps.", "https://m.media-amazon.com/images/M/MV5BMzhiOTQ0NDItOTg0Zi00OGVmLWE0OGEtMTI4NDM0NWMxZWU4XkEyXkFqcGc@._V1_QL75_UX380_CR0,1,380,562_.jpg", "Tony Kaye", "David McKenna", "Edward Norton, Edward Furlong, Beverly D'Angelo", "Nominated for 1 Oscar. 4 wins & 15 nominations total", "$6,719,864", "United States", "English", "84%", "62/100"
"54", "The Lion King", "1994", "8.5", "1276275", "Adventure,Animation,Drama", "88", "movie", "https://www.imdb.com/title/tt0110357/", "G", "Lion prince Simba and his father are targeted by his bitter uncle, who wants to ascend the throne himself.", "https://m.media-amazon.com/images/M/MV5BZGRiZDZhZjItM2M3ZC00Y2IyLTk3Y2MtMWY5YjliNDFkZTJlXkEyXkFqcGc@._V1_SX300.jpg", "Roger Allers, Rob Minkoff", "Irene Mecchi, Jonathan Roberts, Linda Woolverton", "Matthew Broderick, Jeremy Irons, James Earl Jones", "Won 2 Oscars. 43 wins & 35 nominations total", "$424,979,720", "United States", "English, Swahili, Xhosa, Zulu", "92%", "88/100"
"55", "The Usual Suspects", "1995", "8.5", "1252486", "Crime,Drama,Mystery", "106", "movie", "https://www.imdb.com/title/tt0114814/", "R", "The sole survivor of a pier shoot-out tells the story of how a notorious criminal influenced the events that began with five criminals meeting in a seemingly random police lineup.", "https://m.media-amazon.com/images/M/MV5BOTE5MDUxZDUtZWZmZC00NDVmLWFhOGQtNWI2YTc4NzY3MGQ0XkEyXkFqcGc@._V1_QL75_UX380_CR0,2,380,562_.jpg", "Bryan Singer", "Christopher McQuarrie", "Kevin Spacey, Gabriel Byrne, Chazz Palminteri", "Won 2 Oscars. 37 wins & 17 nominations total", "$23,341,568", "United States, Germany", "English, Hungarian, Spanish, French", "87%", "76/100"
"56", "Parasite", "2019", "8.5", "1193486", "Drama,Thriller", "132", "movie", "https://www.imdb.com/title/tt6751668/", "R", "Greed and class discrimination threaten the newly formed symbiotic relationship between the wealthy Park family and the destitute Kim clan.", "https://m.media-amazon.com/images/M/MV5BYjk1Y2U4MjQtY2ZiNS00OWQyLWI3MmYtZWUwNmRjYWRiNWNhXkEyXkFqcGc@._V1_SX300.jpg", "Bong Joon Ho", "Bong Joon Ho, Han Jin-won", "Song Kang-ho, Lee Sun-kyun, Cho Yeo-jeong", "Won 4 Oscars. 309 wins & 261 nominations total", "$53,847,897", "South Korea", "Korean, English", "99%", "97/100"
"57", "Whiplash", "2014", "8.5", "1179386", "Drama,Music", "106", "movie", "https://www.imdb.com/title/tt2582802/", "R", "A promising young drummer enrolls at a cut-throat music conservatory where his dreams of greatness are mentored by an instructor who will stop at nothing to realize a student's potential.", "https://m.media-amazon.com/images/M/MV5BMDFjOWFkYzktYzhhMC00NmYyLTkwY2EtYjViMDhmNzg0OGFkXkEyXkFqcGc@._V1_SX300.jpg", "Damien Chazelle", "Damien Chazelle", "Miles Teller, J.K. Simmons, Melissa Benoist", "Won 3 Oscars. 100 wins & 144 nominations total", "$14,003,391", "United States", "English", "94%", "89/100"
"58", "The Intouchables", "2011", "8.5", "1041096", "Comedy,Drama", "112", "movie", "https://www.imdb.com/title/tt1675434/", "R", "After he becomes a quadriplegic from a paragliding accident, an aristocrat hires a young man from the projects to be his caregiver.", "https://m.media-amazon.com/images/M/MV5BMTYxNDA3MDQwNl5BMl5BanBnXkFtZTcwNTU4Mzc1Nw@@._V1_QL75_UX380_CR0,0,380,562_.jpg", "Olivier Nakache, Éric Toledano", "Olivier Nakache, Éric Toledano, Philippe Pozzo di Borgo", "François Cluzet, Omar Sy, Anne Le Ny", "Nominated for 1 BAFTA Award. 38 wins & 40 nominations total", "$10,198,820", "France", "French, English", "75%", "57/100"
"59", "The Pianist", "2002", "8.5", "1023741", "Biography,Drama,Music", "150", "movie", "https://www.imdb.com/title/tt0253474/", "R", "During WWII, acclaimed Polish musician Wladyslaw faces various struggles as he loses contact with his family. As the situation worsens, he hides in the ruins of Warsaw in order to survive.", "https://m.media-amazon.com/images/M/MV5BMjEwNmEwYjgtNTk3ZC00NjljLTg5ZDctZTY3ZGQwZjRkZmQxXkEyXkFqcGc@._V1_QL75_UY562_CR14,0,380,562_.jpg", "Roman Polanski", "Ronald Harwood, Wladyslaw Szpilman", "Adrien Brody, Thomas Kretschmann, Frank Finlay", "Won 3 Oscars. 57 wins & 74 nominations total", "$32,590,750", "France, Poland, Germany, United Kingdom, United States", "English, German, Russian", "95%", "85/100"
"60", "Psycho", "1960", "8.5", "793473", "Drama,Horror,Mystery", "109", "movie", "https://www.imdb.com/title/tt0054215/", "R", "A secretary on the run for embezzlement takes refuge at a secluded California motel owned by a repressed man and his overbearing mother.", "https://m.media-amazon.com/images/M/MV5BYjZhMzFiZjItODA3ZC00MmRhLWIzMGYtMmVjOWUwYTA3MTRjXkEyXkFqcGc@._V1_QL75_UX380_CR0,1,380,562_.jpg", "Alfred Hitchcock", "Joseph Stefano, Robert Bloch", "Anthony Perkins, Janet Leigh, Vera Miles", "Nominated for 4 Oscars. 8 wins & 14 nominations total", "$32,181,230", "United States", "English", "97%", "97/100"
"61", "Casablanca", "1942", "8.5", "660515", "Drama,Romance,War", "102", "movie", "https://www.imdb.com/title/tt0034583/", "PG", "A cynical expatriate American cafe owner struggles to decide whether or not to help his former lover and her fugitive husband escape the Nazis in French Morocco.", "https://m.media-amazon.com/images/M/MV5BNWEzN2U1YTYtYTQyMS00NTVkLWE2NGQtZWFlMmM0MDNjMmRiXkEyXkFqcGc@._V1_QL75_UX380_CR0,5,380,562_.jpg", "Michael Curtiz", "Philip G. Epstein, Julius J. Epstein, Howard Koch", "Humphrey Bogart, Ingrid Bergman, Paul Henreid", "Won 3 Oscars. 18 wins & 12 nominations total", "$4,219,709", "United States", "English, French, German, Italian, Russian", "99%", "100/100"
"62", "The Kashmir Files", "2022", "8.5", "579843", "Drama", "170", "movie", "https://www.imdb.com/title/tt10811166/", "Not Rated", "A heart-wrenching tale that captures the pain, suffering, and struggle of the Kashmiri Pandit community in 1990 and leads Krishna, a young college student, to set out on a quest to uncover the truth.", "https://m.media-amazon.com/images/M/MV5BYTUwZTNjY2MtNmRjOC00YmI1LThlNWUtZTFkMDgzNTc5ODAwXkEyXkFqcGc@._V1_SX300.jpg", "Vivek Agnihotri", "Vivek Agnihotri, Saurabh M. Pandey", "Mithun Chakraborty, Anupam Kher, Darshan Kumaar", "12 wins & 27 nominations", "$1,485,000", "India", "Hindi", "40%", ""
"63", "Spider-Man: Across the Spider-Verse", "2023", "8.5", "551248", "Action,Adventure,Animation", "140", "movie", "https://www.imdb.com/title/tt9362722/", "PG", "Traveling across the multiverse, Miles Morales meets a new team of Spider-People, made up of heroes from different dimensions. But when the heroes clash over how to deal with a new threat, Miles finds himself at a crossroads.", "https://m.media-amazon.com/images/M/MV5BNThiZjA3MjItZGY5Ni00ZmJhLWEwN2EtOTBlYTA4Y2E0M2ZmXkEyXkFqcGc@._V1_SX300.jpg", "Joaquim Dos Santos, Kemp Powers, Justin K. Thompson", "Phil Lord, Christopher Miller, Dave Callaham", "Shameik Moore, Hailee Steinfeld, Brian Tyree Henry", "Nominated for 1 Oscar. 107 wins & 164 nominations total", "$381,593,754", "United States", "English", "95%", "86/100"
"64", "Grave of the Fireflies", "1988", "8.5", "395458", "Animation,Drama,War", "88", "movie", "https://www.imdb.com/title/tt0095327/", "Not Rated", "A young boy and his little sister struggle to survive in Japan during World War II.", "https://m.media-amazon.com/images/M/MV5BNTY5MmE2OGMtN2IxNC00MDY4LTkwMGEtZDUzOTYyNWE0ZTNjXkEyXkFqcGc@._V1_QL75_UX380_CR0,4,380,562_.jpg", "Isao Takahata", "Akiyuki Nosaka, Isao Takahata", "Tsutomu Tatsumi, Ayano Shiraishi, Akemi Yamaguchi", "3 wins total", "$516,962", "Japan", "Japanese", "100%", "94/100"
"65", "Once Upon a Time in the West", "1968", "8.5", "387474", "Drama,Western", "145", "movie", "https://www.imdb.com/title/tt0064116/", "PG-13", "A mysterious stranger with a harmonica teams up with a notorious desperado to protect a beautiful widow and her land from a ruthless assassin in the employ of a railroad tycoon.", "https://m.media-amazon.com/images/M/MV5BZjYyNGY1MDEtN2I1MC00MGVhLTljZTYtODQ1NzQ0ODc2NzZlXkEyXkFqcGc@._V1_QL75_UX380_CR0,3,380,562_.jpg", "Sergio Leone", "Sergio Donati, Sergio Leone, Dario Argento", "Henry Fonda, Charles Bronson, Claudia Cardinale", "6 wins & 5 nominations total", "$5,321,508", "Italy, United States", "English, Spanish, Italian", "96%", "82/100"
"66", "Cinema Paradiso", "1988", "8.5", "320414", "Drama,Romance", "174", "movie", "https://www.imdb.com/title/tt0095765/", "PG", "Salvatore, a famous film director, returns to his hometown for the funeral of the local theater's film projectionist, Alfredo. He reminisces about his life as a young boy falling in love with cinema.", "https://m.media-amazon.com/images/M/MV5BMTljNzc4YWEtYTZlMS00ODMyLWIwMTAtNWQxY2VkMDEwYTk5XkEyXkFqcGc@._V1_QL75_UX380_CR0,0,380,562_.jpg", "Giuseppe Tornatore", "Giuseppe Tornatore, Vanna Paoli", "Philippe Noiret, Enzo Cannavale, Antonella Attili", "Won 1 Oscar. 25 wins & 33 nominations total", "$12,397,210", "Italy, France", "Italian", "90%", "80/100"
"67", "Modern Times", "1936", "8.5", "287600", "Comedy,Drama,Romance", "87", "movie", "https://www.imdb.com/title/tt0027977/", "G", "The Tramp struggles to live in modern industrial society with the help of a young homeless woman.", "https://m.media-amazon.com/images/M/MV5BODVkZGFhNGQtYjdiYi00Njc4LWFmYTItNTlmNzJjMTg1ZDc5XkEyXkFqcGc@._V1_SX300.jpg", "Charles Chaplin", "Charles Chaplin", "Charles Chaplin, Paulette Goddard, Henry Bergman", "6 wins & 1 nomination total", "$163,577", "United States", "English", "98%", "96/100"
"68", "City Lights", "1931", "8.5", "218117", "Comedy,Drama,Romance", "87", "movie", "https://www.imdb.com/title/tt0021749/", "G", "With the aid of a wealthy erratic tippler, a dewy-eyed tramp who has fallen in love with a blind flower girl accumulates money to be able to help her medically.", "https://m.media-amazon.com/images/M/MV5BM2U4NjgzODUtODkyOC00YTE2LTlhNTItYzFlYmM1NTEzZDA2XkEyXkFqcGc@._V1_SX300.jpg", "Charles Chaplin", "Charles Chaplin, Harry Carr, Harry Crocker", "Charles Chaplin, Virginia Cherrill, Florence Lee", "6 wins total", "$19,181", "United States", "None, English", "95%", "99/100"
"69", "Sita Ramam", "2022", "8.5", "85497", "Action,Drama,Musical", "163", "movie", "https://www.imdb.com/title/tt20850406/", "", "A soldier receives a life-changing letter from a woman named Sita, leading to a beautiful romance. Their love story takes an unexpected turn when he returns to his military post in Kashmir and faces imprisonment.", "https://m.media-amazon.com/images/M/MV5BYWE0NDNiNzEtNThmMi00NjZlLTk3NDAtYzIzOWNmNWQyYTI3XkEyXkFqcGc@._V1_SX300.jpg", "Hanu Raghavapudi", "Hanu Raghavapudi, Jay Krishna, Raj Kumar Kandamudi", "Dulquer Salmaan, Mrunal Thakur, Rashmika Mandanna", "12 wins & 24 nominations total", "", "India", "Telugu", "86%", ""
"70", "Mahavatar Narsimha", "2024", "8.5", "48725", "Action,Animation,Drama", "130", "movie", "https://www.imdb.com/title/tt34365591/", "", "The demon Hiranyakashyap seeks revenge on Vishnu and declares himself a god. His son Prahlad remains devoted to Vishnu. Vishnu manifests as Narsimha to defeat the demon and restore balance.", "https://m.media-amazon.com/images/M/MV5BYTRkODNhYzYtZGRhNi00MTg4LWI5MmYtN2MyZTQ5MjE2YzMyXkEyXkFqcGc@._V1_SX300.jpg", "Ashwin Kumar", "Jayapurna Das, Ashwin Kumar, Rudra Pratap Ghosh", "", "", "", "India", "Hindi, Kannada, Telugu, Tamil, Malayalam", "", ""
"71", "Dear Zachary: A Letter to a Son About His Father", "2008", "8.5", "46520", "Biography,Crime,Documentary", "95", "movie", "https://www.imdb.com/title/tt1152758/", "Not Rated", "A filmmaker decides to memorialize a murdered friend when his friend's ex-girlfriend announces she is expecting his son.", "https://m.media-amazon.com/images/M/MV5BYTc3NTM1ZmQtNGI3YS00Y2JhLThiMWEtY2QxYTU3N2ZiNjNkXkEyXkFqcGc@._V1_SX300.jpg", "Kurt Kuenne", "Kurt Kuenne", "Kurt Kuenne, Andrew Bagby, David Bagby", "2 wins & 5 nominations total", "$18,334", "United States", "English", "94%", "82/100"
"72", "Baraka", "1992", "8.5", "43459", "Documentary", "96", "movie", "https://www.imdb.com/title/tt0103767/", "Not Rated", "A collection of expertly photographed scenes of human life and religion.", "https://m.media-amazon.com/images/M/MV5BMzAxOTgwNTAtOTM0Ny00NThkLTg0OWYtMTQwOGQ4ZDUxNTJiXkEyXkFqcGc@._V1_SX300.jpg", "Ron Fricke", "Ron Fricke, Mark Magidson, Genevieve Nicholas", "Patrick Disanto", "2 wins & 2 nominations total", "$1,332,110", "United States", "None", "85%", ""
"73", "Jersey", "2019", "8.5", "30362", "Drama,Sport", "157", "movie", "https://www.imdb.com/title/tt8948790/", "Not Rated", "A failed cricketer decides to revive his cricketing career in his late 30's despite everyone being skeptical of his ability to do so.", "https://m.media-amazon.com/images/M/MV5BMWU0ZTk1ODYtOTk4MS00ZTdmLWJjOWYtMmJiYWQ2ZTcwZjJlXkEyXkFqcGc@._V1_SX300.jpg", "Gowtam Tinnanuri", "Gowtam Tinnanuri", "Nani, Shraddha Srinath, Sathyaraj", "9 wins & 7 nominations total", "", "India", "Telugu", "71%", ""
"74", "The Dark Knight Rises", "2012", "8.4", "2025474", "Crime,Thriller", "164", "movie", "https://www.imdb.com/title/tt1345836/", "PG-13", "Bane, an imposing terrorist, attacks Gotham City and disrupts its eight-year-long period of peace. This forces Bruce Wayne to come out of hiding and don the cape and cowl of Batman again.", "https://m.media-amazon.com/images/M/MV5BMTk4ODQzNDY3Ml5BMl5BanBnXkFtZTcwODA0NTM4Nw@@._V1_QL75_UX380_CR0,0,380,562_.jpg", "Christopher Nolan", "Jonathan Nolan, Christopher Nolan, David S. Goyer", "Christian Bale, Tom Hardy, Anne Hathaway", "Nominated for 1 BAFTA Award. 45 wins & 103 nominations total", "$448,149,584", "United Kingdom, United States", "English, Arabic", "87%", "78/100"
"75", "Inglourious Basterds", "2009", "8.4", "1815876", "Drama,War", "153", "movie", "https://www.imdb.com/title/tt0361748/", "R", "In Nazi-occupied France during World War II, a plan to assassinate Nazi leaders by a group of Jewish U.S. soldiers coincides with a theatre owner's vengeful plans for the same.", "https://m.media-amazon.com/images/M/MV5BODZhMWJlNjYtNDExNC00MTIzLTllM2ItOGQ2NGVjNDQ3MzkzXkEyXkFqcGc@._V1_QL75_UX380_CR0,0,380,562_.jpg", "Quentin Tarantino", "Quentin Tarantino", "Brad Pitt, Diane Kruger, Eli Roth", "Won 1 Oscar. 134 wins & 173 nominations total", "$120,540,719", "United States, Germany", "English, German, French, Italian", "89%", "69/100"
"76", "Avengers: Endgame", "2019", "8.4", "1484887", "Action,Adventure,Sci-Fi", "181", "movie", "https://www.imdb.com/title/tt4154796/", "PG-13", "After the devastating events of Avengers: Infinity War (2018), the universe is in ruins. With the help of remaining allies, the Avengers assemble once more in order to reverse Thanos' actions and restore balance to the universe.", "https://m.media-amazon.com/images/M/MV5BMWEyNDM2ZmQtMmFkNi00MTQ1LTk1MjItMzdlZGJlYmIyYzZlXkEyXkFqcGc@._V1_QL75_UX380_CR0,0,380,562_.jpg", "Anthony Russo, Joe Russo", "Christopher Markus, Stephen McFeely, Stan Lee", "Robert Downey Jr., Chris Evans, Mark Ruffalo", "Nominated for 1 Oscar. 71 wins & 132 nominations total", "$858,373,000", "United States", "English, Japanese, Xhosa, German", "94%", "78/100"
"77", "Memento", "2000", "8.4", "1457663", "Mystery,Thriller", "113", "movie", "https://www.imdb.com/title/tt0209144/", "R", "A former insurance investigator who now suffers from anterograde amnesia uses notes and tattoos to hunt down his wife's murderer.", "https://m.media-amazon.com/images/M/MV5BMGQ3Y2Q4NjktN2E4Ny00Y2Q2LTliZDUtZTNiNjRhY2I0NGIyXkEyXkFqcGc@._V1_QL75_UX380_CR0,4,380,562_.jpg", "Christopher Nolan", "Christopher Nolan, Jonathan Nolan", "Guy Pearce, Carrie-Anne Moss, Joe Pantoliano", "Nominated for 2 Oscars. 57 wins & 59 nominations total", "$25,544,867", "United States", "English", "94%", "83/100"
"78", "Avengers: Infinity War", "2018", "8.4", "1407442", "Action,Adventure,Sci-Fi", "149", "movie", "https://www.imdb.com/title/tt4154756/", "PG-13", "The Avengers and their allies must be willing to sacrifice all in an attempt to defeat the powerful Thanos before his blitz of devastation and ruin puts an end to the universe.", "https://m.media-amazon.com/images/M/MV5BMjMxNjY2MDU1OV5BMl5BanBnXkFtZTgwNzY1MTUwNTM@._V1_QL75_UX380_CR0,0,380,562_.jpg", "Anthony Russo, Joe Russo", "Christopher Markus, Stephen McFeely, Stan Lee", "Robert Downey Jr., Chris Hemsworth, Mark Ruffalo", "Nominated for 1 Oscar. 48 wins & 80 nominations total", "$678,815,482", "United States, Norway", "English", "85%", "68/100"
"79", "WALL·E", "2008", "8.4", "1340173", "Adventure,Animation,Family", "98", "movie", "https://www.imdb.com/title/tt0910970/", "G", "A robot who is responsible for cleaning a waste-covered Earth meets another robot and falls in love with her. Together, they set out on a journey that will alter the fate of mankind.", "https://m.media-amazon.com/images/M/MV5BMjExMTg5OTU0NF5BMl5BanBnXkFtZTcwMjMxMzMzMw@@._V1_SX300.jpg", "Andrew Stanton", "Andrew Stanton, Jim Reardon, Pete Docter", "Ben Burtt, Elissa Knight, Jeff Garlin", "Won 1 Oscar. 96 wins & 95 nominations total", "$223,808,164", "United States, Japan", "English", "95%", "95/100"
"80", "The Shining", "1980", "8.4", "1242080", "Drama,Horror", "146", "movie", "https://www.imdb.com/title/tt0081505/", "R", "A family heads to an isolated hotel for the winter, where a sinister presence influences the father into violence. At the same time, his psychic son sees horrifying forebodings from both the past and the future.", "https://m.media-amazon.com/images/M/MV5BNmM5ZThhY2ItOGRjOS00NzZiLWEwYTItNDgyMjFkOTgxMmRiXkEyXkFqcGc@._V1_SX300.jpg", "Stanley Kubrick", "Stephen King, Stanley Kubrick, Diane Johnson", "Jack Nicholson, Shelley Duvall, Danny Lloyd", "6 wins & 9 nominations total", "$47,194,352", "United Kingdom, United States", "English", "84%", "68/100"
"81", "Good Will Hunting", "1997", "8.4", "1240183", "Drama,Romance", "126", "movie", "https://www.imdb.com/title/tt0119217/", "R", "A therapist counsels Will Hunting, a janitor with a genius IQ.", "https://m.media-amazon.com/images/M/MV5BNDdjZGQ5YzEtNTc2My00Mjc0LWFlMTctYzkwMzZlNzdiZWYzXkEyXkFqcGc@._V1_QL75_UX380_CR0,9,380,562_.jpg", "Gus Van Sant", "Matt Damon, Ben Affleck", "Robin Williams, Matt Damon, Ben Affleck", "Won 2 Oscars. 25 wins & 61 nominations total", "$138,433,435", "United States", "English", "97%", "71/100"
"82", "Raiders of the Lost Ark", "1981", "8.4", "1120078", "Adventure", "115", "movie", "https://www.imdb.com/title/tt0082971/", "PG", "In 1936, archaeologist Indiana Jones is tasked by Army Intelligence to help locate a legendary ancient power, the Ark of Covenant, before the Nazis get it first.", "https://m.media-amazon.com/images/M/MV5BOGNhMjg2ZjgtYzk4Ni00MTViLTg1MmUtYzM2MDZiYjZlMmU3XkEyXkFqcGc@._V1_SX300.jpg", "Steven Spielberg", "Lawrence Kasdan, George Lucas, Philip Kaufman", "Harrison Ford, Karen Allen, Paul Freeman", "Won 4 Oscars. 41 wins & 24 nominations total", "$248,159,971", "United States", "English, German, Spanish, Nepali, Hebrew, Arabic", "94%", "86/100"
"83", "Alien", "1979", "8.4", "1075755", "Horror,Sci-Fi", "117", "movie", "https://www.imdb.com/title/tt0078748/", "R", "After investigating a mysterious transmission of unknown origin, the crew of a commercial spacecraft encounters a deadly lifeform.", "https://m.media-amazon.com/images/M/MV5BN2NhMDk2MmEtZDQzOC00MmY5LThhYzAtMDdjZGFjOGZjMjdjXkEyXkFqcGc@._V1_QL75_UX380_CR0,6,380,562_.jpg", "Ridley Scott", "Dan O'Bannon, Ronald Shusett", "Sigourney Weaver, Tom Skerritt, John Hurt", "Won 1 Oscar. 19 wins & 22 nominations total", "$84,206,106", "United Kingdom, United States", "English", "93%", "89/100"
"84", "Aliens", "1986", "8.4", "847494", "Action,Adventure,Horror", "137", "movie", "https://www.imdb.com/title/tt0090605/", "R", "Decades after surviving the Nostromo incident, Ellen Ripley is sent out to re-establish contact with a terraforming colony but finds herself battling the Alien Queen and her offspring.", "https://m.media-amazon.com/images/M/MV5BZjIyNGJhYzYtN2I1My00OTVhLWEyMzItZTVjNDMzOTVkYWViXkEyXkFqcGc@._V1_QL75_UX380_CR0,6,380,562_.jpg", "James Cameron", "James Cameron, David Giler, Walter Hill", "Sigourney Weaver, Michael Biehn, Carrie Henn", "Won 2 Oscars. 20 wins & 25 nominations total", "$85,160,248", "United Kingdom, United States", "English, Spanish", "93%", "84/100"
"85", "Spider-Man: Into the Spider-Verse", "2018", "8.4", "814831", "Action,Adventure,Animation", "117", "movie", "https://www.imdb.com/title/tt4633694/", "PG", "Teen Miles Morales becomes the Spider-Man of his universe and must join with five spider-powered individuals from other dimensions to stop a threat for all realities.", "https://m.media-amazon.com/images/M/MV5BMjMwNDkxMTgzOF5BMl5BanBnXkFtZTgwNTkwNTQ3NjM@._V1_SX300.jpg", "Bob Persichetti, Peter Ramsey, Rodney Rothman", "Phil Lord, Rodney Rothman", "Shameik Moore, Jake Johnson, Hailee Steinfeld", "Won 1 Oscar. 85 wins & 60 nominations total", "$190,241,310", "Canada, United States", "English, Spanish", "97%", "87/100"
"86", "Dune: Part Two", "2024", "8.4", "790821", "Action,Adventure,Drama", "166", "movie", "https://www.imdb.com/title/tt15239678/", "PG-13", "Paul Atreides unites with the Fremen while on a warpath of revenge against the conspirators who destroyed his family. Facing a choice between the love of his life and the fate of the universe, he endeavors to prevent a terrible fu...", "https://m.media-amazon.com/images/M/MV5BNTc0YmQxMjEtODI5MC00NjFiLTlkMWUtOGQ5NjFmYWUyZGJhXkEyXkFqcGc@._V1_QL75_UX380_CR0,0,380,562_.jpg", "Denis Villeneuve", "Denis Villeneuve, Jon Spaihts, Frank Herbert", "Timothée Chalamet, Zendaya, Rebecca Ferguson", "Won 2 Oscars. 125 wins & 376 nominations total", "$282,144,358", "United States, Canada, United Arab Emirates, Hungary, Italy, New Zealand, Jordan, Gambia", "English", "92%", "79/100"
"87", "Apocalypse Now", "1979", "8.4", "777477", "Drama,Mystery,War", "147", "movie", "https://www.imdb.com/title/tt0078788/", "R", "A U.S. Army officer serving in Vietnam is tasked with assassinating a renegade Special Forces Colonel who sees himself as a god.", "https://m.media-amazon.com/images/M/MV5BZDhiMTljYjYtODc1Yy00MmEwLTg2OTYtYmE1YTRmNDE4MmEwXkEyXkFqcGc@._V1_QL75_UX380_CR0,11,380,562_.jpg", "Francis Ford Coppola", "John Milius, Francis Ford Coppola, Michael Herr", "Martin Sheen, Marlon Brando, Robert Duvall", "Won 2 Oscars. 21 wins & 33 nominations total", "$96,074,376", "United States", "English, French, Vietnamese", "91%", "94/100"
"88", "Coco", "2017", "8.4", "725606", "Adventure,Animation,Drama", "105", "movie", "https://www.imdb.com/title/tt2380307/", "PG", "Aspiring musician Miguel, confronted with his family's ancestral ban on music, enters the Land of the Dead to find his great-great-grandfather, a legendary singer.", "https://m.media-amazon.com/images/M/MV5BMDIyM2E2NTAtMzlhNy00ZGUxLWI1NjgtZDY5MzhiMDc5NGU3XkEyXkFqcGc@._V1_QL75_UY562_CR7,0,380,562_.jpg", "Adrian Molina, Lee Unkrich", "Adrian Molina, Matthew Aldrich, Lee Unkrich", "Anthony Gonzalez, Gael García Bernal, Benjamin Bratt", "Won 2 Oscars. 113 wins & 42 nominations total", "$210,460,015", "United States, Mexico", "English, Spanish", "97%", "81/100"
"89", "Rear Window", "1954", "8.4", "573555", "Drama,Mystery,Thriller", "112", "movie", "https://www.imdb.com/title/tt0047396/", "PG", "A bored photographer recovering from a broken leg passes the time by watching his neighbors and begins to suspect one of them of murder.", "https://m.media-amazon.com/images/M/MV5BODZhOWI1ODgtMzdiOS00YjNkLTgwOGUtYmIyZDg5ZmQwMzQ1XkEyXkFqcGc@._V1_QL75_UY562_CR2,0,380,562_.jpg", "Alfred Hitchcock", "John Michael Hayes, Cornell Woolrich", "James Stewart, Grace Kelly, Wendell Corey", "Nominated for 4 Oscars. 7 wins & 14 nominations total", "$37,622,343", "United States", "English", "99%", "100/100"
"90", "3 Idiots", "2009", "8.4", "489079", "Comedy,Drama", "170", "movie", "https://www.imdb.com/title/tt1187043/", "PG-13", "Two friends are searching for their long lost companion. They revisit their college days and recall the memories of their friend who inspired them to think differently, even as the rest of the world called them "idiots".", "https://m.media-amazon.com/images/M/MV5BNzc4ZWQ3NmYtODE0Ny00YTQ4LTlkZWItNTBkMGQ0MmUwMmJlXkEyXkFqcGc@._V1_SX300.jpg", "Rajkumar Hirani", "Abhijat Joshi, Rajkumar Hirani, Vidhu Vinod Chopra", "Aamir Khan, Madhavan, Mona Singh", "64 wins & 30 nominations total", "$6,532,874", "India", "Hindi, English", "94%", "67/100"
"91", "The Odyssey", "2026", "8.4", "475973", "Action,Adventure,Fantasy", "172", "movie", "https://www.imdb.com/title/tt33764258/", "R", "After the Trojan War, Odysseus faces a dangerous voyage back to Ithaca, meeting creatures like the Cyclops Polyphemus, Sirens, and Calypso along the way.", "https://m.media-amazon.com/images/M/MV5BNTcyNmJlZmQtNDUwYy00NDBjLTg1NGQtYTY2Y2UxMWM3NmI1XkEyXkFqcGc@._V1_QL75_UX380_CR0,0,380,562_.jpg", "Christopher Nolan", "Christopher Nolan, Homer", "Matt Damon, Tom Holland, Anne Hathaway", "3 wins total", "$588,976,965", "United Kingdom, United States, Canada, New Zealand, Iceland", "English, Greek", "93%", "88/100"
"92", "Amadeus", "1984", "8.4", "472970", "Biography,Drama,Music", "160", "movie", "https://www.imdb.com/title/tt0086879/", "PG", "The life and work of Wolfgang Amadeus Mozart seen through the eyes of his contemporary and rival, Antonio Salieri.", "https://m.media-amazon.com/images/M/MV5BMzc2MjM0NTMtOGY4NC00NzY1LWE2ODUtZjMzY2RhNGNkZDAyXkEyXkFqcGc@._V1_SX300.jpg", "Milos Forman", "Peter Shaffer, Zdenek Mahler", "F. Murray Abraham, Tom Hulce, Elizabeth Berridge", "Won 8 Oscars. 43 wins & 15 nominations total", "$51,973,029", "United States, France", "English, Italian, Latin, German, French", "90%", "87/100"
"93", "The Lives of Others", "2006", "8.4", "446829", "Drama,Mystery,Thriller", "137", "movie", "https://www.imdb.com/title/tt0405094/", "R", "In 1984 East Berlin, an agent of the secret police conducting surveillance on a writer and his lover finds himself becoming increasingly absorbed by their lives.", "https://m.media-amazon.com/images/M/MV5BYjM1N2Q0YWEtN2E5MC00NDM3LTk2NTEtMTc1NTk5OTA5ZGIzXkEyXkFqcGc@._V1_SX300.jpg", "Florian Henckel von Donnersmarck", "Florian Henckel von Donnersmarck", "Ulrich Mühe, Martina Gedeck, Sebastian Koch", "Won 1 Oscar. 80 wins & 38 nominations total", "$11,286,112", "Germany, France", "German", "92%", "89/100"
"94", "Your Name.", "2016", "8.4", "404144", "Animation,Drama,Fantasy", "106", "movie", "https://www.imdb.com/title/tt5311514/", "TV-PG", "Two teenagers share a profound, magical connection upon discovering they are swapping bodies. Things manage to become even more complicated when the boy and girl decide to meet in person.", "https://m.media-amazon.com/images/M/MV5BMjI1ODZkYTgtYTY3Yy00ZTJkLWFkOTgtZDUyYWM4MzQwNjk0XkEyXkFqcGc@._V1_SX300.jpg", "Makoto Shinkai", "Makoto Shinkai", "Ryûnosuke Kamiki, Mone Kamishiraishi, Ryo Narita", "17 wins & 27 nominations total", "$5,017,246", "Japan", "Japanese", "98%", "81/100"
"95", "Sunset Boulevard", "1950", "8.4", "263616", "Drama,Film-Noir", "110", "movie", "https://www.imdb.com/title/tt0043014/", "Approved", "A screenwriter develops a dangerous relationship with a faded film star determined to make a triumphant return.", "https://m.media-amazon.com/images/M/MV5BMTU0NTkyNzYwMF5BMl5BanBnXkFtZTgwMDU0NDk5MTI@._V1_QL75_UX380_CR0,5,380,562_.jpg", "Billy Wilder", "Charles Brackett, Billy Wilder, D.M. Marshman Jr.", "William Holden, Gloria Swanson, Erich von Stroheim", "Won 3 Oscars. 21 wins & 20 nominations total", "$299,645", "United States", "English", "98%", "94/100"
"96", "The Great Dictator", "1940", "8.4", "260186", "Comedy,Drama,War", "125", "movie", "https://www.imdb.com/title/tt0032553/", "G", "Dictator Adenoid Hynkel tries to expand his empire while a poor Jewish barber tries to avoid persecution from Hynkel's regime.", "https://m.media-amazon.com/images/M/MV5BMjc4ZjEwNDUtMjlmZS00NzQ4LTg2N2MtMGI3ZjMyMmM3ZDM2XkEyXkFqcGc@._V1_SX300.jpg", "Charles Chaplin", "Charles Chaplin", "Charles Chaplin, Paulette Goddard, Jack Oakie", "Nominated for 5 Oscars. 7 wins & 6 nominations total", "", "United States", "English, Esperanto, Latin", "92%", ""
"97", "Paths of Glory", "1957", "8.4", "242431", "Drama,War", "88", "movie", "https://www.imdb.com/title/tt0050825/", "Approved", "A colonel defends three of his soldiers in a court-martial after they abandon a suicidal attack.", "https://m.media-amazon.com/images/M/MV5BNmQ2NmI2ODYtMDQzNS00NzQyLTkzZjgtZmZlYTQ5MTc1OWU3XkEyXkFqcGc@._V1_SX300.jpg", "Stanley Kubrick", "Stanley Kubrick, Calder Willingham, Jim Thompson", "Kirk Douglas, Ralph Meeker, Adolphe Menjou", "Nominated for 1 BAFTA Award5 wins & 3 nominations total", "", "United States", "English, German, Latin", "96%", "90/100"
"98", "Witness for the Prosecution", "1957", "8.4", "164161", "Crime,Drama,Mystery", "116", "movie", "https://www.imdb.com/title/tt0051201/", "Approved", "A veteran British barrister must defend his client in a murder trial that has surprise after surprise.", "https://m.media-amazon.com/images/M/MV5BNjRhNTQzMzQtMWViMi00ODQ1LTg0MTEtYWE4ZWZlYjM4YjJhXkEyXkFqcGc@._V1_SX300.jpg", "Billy Wilder", "Agatha Christie, Billy Wilder, Harry Kurnitz", "Tyrone Power, Marlene Dietrich, Charles Laughton", "Nominated for 6 Oscars. 3 wins & 15 nominations total", "", "United States", "English, German", "100%", "76/100"
"99", "Capernaum", "2018", "8.4", "126687", "Drama", "126", "movie", "https://www.imdb.com/title/tt8267604/", "R", "While serving a five-year sentence for a violent crime, a 12-year-old boy sues his parents for neglect.", "https://m.media-amazon.com/images/M/MV5BYzEyMzQ1OTktZTljZi00OWQzLWE2ZmUtZjQyNzBjYjE1NTc0XkEyXkFqcGc@._V1_SX300.jpg", "Nadine Labaki", "Nadine Labaki, Jihad Hojeily, Michelle Keserwany", "Zain Al Rafeea, Yordanos Shifera, Boluwatife Treasure Bankole", "Nominated for 1 Oscar. 37 wins & 56 nominations total", "$1,661,096", "Lebanon, United States, France, Cyprus, Qatar, United Kingdom", "Arabic, Amharic", "89%", "75/100"
"100", "Senna", "2010", "8.4", "84251", "Biography,Documentary,Sport", "106", "movie", "https://www.imdb.com/title/tt1424432/", "PG-13", "A documentary on Brazilian Formula One racing driver Ayrton Senna, who won the F1 world championship three times before his death at age 34.", "https://m.media-amazon.com/images/M/MV5BMTc5MTUzOTAxMl5BMl5BanBnXkFtZTcwODQzMjg3NA@@._V1_SX300.jpg", "Asif Kapadia", "Manish Pandey", "Ayrton Senna, Reginaldo Leme, John Bisignano", "Won 2 BAFTA 20 wins & 19 nominations total", "$1,612,430", "United Kingdom, France, United States", "English, Portuguese, French, Japanese", "93%", "79/100"
"101", "Demon Slayer: Kimetsu No Yaiba Infinity Castle", "2025", "8.4", "83239", "Action,Adventure,Animation", "155", "movie", "https://www.imdb.com/title/tt32820897/", "R", "The Demon Slayer Corps are drawn into the Infinity Castle, where Tanjiro and the Hashira face terrifying Upper Rank demons in a desperate fight as the final battle against Muzan Kibutsuji begins.", "https://m.media-amazon.com/images/M/MV5BOGQ3YWUzYjEtMTJiYy00ZjQ0LWI0YjktYjhiNGVhNGExYTM3XkEyXkFqcGc@._V1_SX300.jpg", "Haruo Sotozaki, Hikaru Kondô", "Koyoharu Gotouge, Hikaru Kondô", "Zach Aguilar, Saeko Akiho, Yôhei Azakami", "2 wins & 7 nominations total", "$134,519,077", "Japan, United States", "Japanese", "98%", "67/100"
"102", "High and Low", "1963", "8.4", "73414", "Crime,Drama,Mystery", "143", "movie", "https://www.imdb.com/title/tt0057565/", "Not Rated", "An executive of a Yokohama shoe company becomes a victim of extortion when his chauffeur's son is kidnapped by mistake and held for ransom.", "https://m.media-amazon.com/images/M/MV5BMGJiNzllYjktODAzNS00OGUzLTlmY2MtMjA2ZTZhYTY1OTc4XkEyXkFqcGc@._V1_SX300.jpg", "Akira Kurosawa", "Hideo Oguni, Ryûzô Kikushima, Eijirô Hisaita", "Toshirô Mifune, Yutaka Sada, Tatsuya Nakadai", "3 wins & 3 nominations total", "$46,808", "Japan", "Japanese", "97%", "90/100"
"103", "I Swear", "2025", "8.4", "62285", "Biography,Drama", "120", "movie", "https://www.imdb.com/title/tt31514146/", "R", "John Davidson: diagnosed with Tourette's syndrome at a young age which alienated him from his peers, he struggled with a condition few people had witnessed.", "https://m.media-amazon.com/images/M/MV5BNWQxYTMyZTktZDg5Yi00Y2YwLWI4YzQtMjkyYmYxNmFjYThmXkEyXkFqcGc@._V1_QL75_UX380_CR0,0,380,562_.jpg", "Kirk Jones", "Kirk Jones", "Robert Aramayo, Maxine Peake, Somerled Campbell", "Won 2 BAFTA Awards. 6 wins & 20 nominations total", "", "United Kingdom", "English", "97%", "73/100"
"104", "The Cove", "2009", "8.4", "52835", "Biography,Crime,Documentary", "92", "movie", "https://www.imdb.com/title/tt1313104/", "PG-13", "Using state-of-the-art equipment, a group of activists, led by renowned dolphin trainer Ric O'Barry, infiltrate a cove near Taijii, Japan to expose both a shocking instance of animal abuse and a serious threat to human health.", "https://m.media-amazon.com/images/M/MV5BMTc3Nzg2NzM5MF5BMl5BanBnXkFtZTcwMTYwMjU2Mg@@._V1_SX300.jpg", "Louie Psihoyos", "Mark Monroe", "Richard O'Barry, Louie Psihoyos, Hardy Jones", "Won 1 Oscar. 39 wins & 18 nominations total", "$857,005", "United States, Japan, Germany, Chile, Canada, United Kingdom", "English, Japanese", "95%", "84/100"
"105", "Kaithi", "2019", "8.4", "52660", "Action,Crime,Thriller", "145", "movie", "https://www.imdb.com/title/tt9900782/", "Not Rated", "Dilli, an ex-convict, endeavours to meet his daughter for the first time after leaving prison. However, his attempts are interrupted due to a drug raid planned by Inspector Bejoy.", "https://m.media-amazon.com/images/M/MV5BZDk2NWQyMjQtODlkYi00YTJjLTkxMGItMGU0ZDExODI3OWIxXkEyXkFqcGc@._V1_SX300.jpg", "Lokesh Kanagaraj", "Lokesh Kanagaraj, Pon Parthiban, Sanjeev Tiwari", "Karthi, Narain, Arjun Das", "15 wins & 8 nominations", "", "India", "Tamil", "100%", ""
"106", "Drishyam", "2013", "8.4", "49635", "Crime,Drama,Mystery", "160", "movie", "https://www.imdb.com/title/tt3417422/", "Not Rated", "A man goes to extreme lengths to save his family from punishment after the family commits an accidental crime.", "https://m.media-amazon.com/images/M/MV5BM2MwMjNlNjctYjA2ZS00ZDA4LWJmNTYtODg5NDY1YzQzZDg2XkEyXkFqcGc@._V1_SX300.jpg", "Jeethu Joseph", "Jeethu Joseph", "Mohanlal, Meena, Asha Sharath", "16 wins & 6 nominations", "", "India", "Malayalam", "75%", ""
"107", "96", "2018", "8.4", "46383", "Drama,Romance", "158", "movie", "https://www.imdb.com/title/tt7019842/", "Not Rated", "Two high school sweethearts meet at a reunion after 22 years and reminisce about their past.", "https://m.media-amazon.com/images/M/MV5BODFiZDk5MDgtMWMzNy00MTZmLTk2YTQtYjg1NzNmYzJlODJkXkEyXkFqcGc@._V1_SX300.jpg", "C. Prem Kumar", "Charu Gupta, C. Prem Kumar", "Vijay Sethupathi, Trisha Krishnan, Adithya Bhaskar", "14 wins & 11 nominations total", "", "India", "Tamil", "", ""
"108", "Drishyam 2", "2021", "8.4", "45898", "Crime,Drama,Mystery", "152", "movie", "https://www.imdb.com/title/tt12361178/", "", "A gripping tale of an investigation and a family which is threatened by it. Will Georgekutty be able to protect his family this time?", "https://m.media-amazon.com/images/M/MV5BM2Q2YTczM2QtNDBkNC00M2I5LTkyMzgtOTMwNzQ0N2UyYWQ0XkEyXkFqcGc@._V1_SX300.jpg", "Jeethu Joseph", "Jeethu Joseph", "Mohanlal, Meena, Ansiba", "10 nominations total", "", "India", "Malayalam", "88%", ""
"109", "Samsara", "2011", "8.4", "40230", "Documentary,Music", "102", "movie", "https://www.imdb.com/title/tt0770802/", "PG-13", "Filmed over nearly five years in twenty-five countries on five continents, and shot on seventy-millimetre film, Samsara transports us to the varied worlds of sacred grounds, disaster zones, industrial complexes, and natural wonders.", "https://m.media-amazon.com/images/M/MV5BNjY3NzM4MTI5NF5BMl5BanBnXkFtZTcwMjk3NTA5Nw@@._V1_SX300.jpg", "Ron Fricke", "Ron Fricke, Mark Magidson", "Balinese Tari Legong Dancers, Ni Made Megahadi Pratiwi, Puti Sri Candra Dewi", "1 win & 6 nominations total", "$2,672,413", "United States, Indonesia, Singapore, Thailand, Kenya, Denmark, Brazil, Jordan, United Arab Emirates, Saudi Arabia, South Africa, Italy, Ghana, Egypt, China, Japan, South Korea", "None", "75%", "65/100"
"110", "Asuran", "2019", "8.4", "37737", "Action,Drama", "141", "movie", "https://www.imdb.com/title/tt9477520/", "Not Rated", "The teenage son of a farmer from an underprivileged caste kills a rich, upper caste landlord. How the pacifist farmer saves his hot-blooded son is the rest of the story.", "https://m.media-amazon.com/images/M/MV5BYjgyMGFlNmMtYzkzNy00ZjgyLTljNTItMTg4MmNjYWE5NDM4XkEyXkFqcGc@._V1_SX300.jpg", "Vetrimaaran", "M.S. Manimaran, Vetrimaaran, Suka", "Dhanush, Manju Warrier, Prakash Raj", "24 wins & 9 nominations total", "", "India", "Tamil", "", ""
"111", "Demon Slayer: Kimetsu no Yaiba - Tsuzumi Mansion Arc", "2021", "8.4", "36860", "Action,Animation,Fantasy", "87", "movie", "https://www.imdb.com/title/tt16492678/", "", "Tanjiro ventures to the south-southeast where he encounters a cowardly young man named Zenitsu Agatsuma. He is a fellow survivor from Final Selection and his sparrow asks Tanjiro to help keep him in line.", "https://m.media-amazon.com/images/M/MV5BZjQzYWUzMWYtMWNmMi00ZDYxLTgzYmItN2NjYTY2YWEyMzNlXkEyXkFqcGc@._V1_SX300.jpg", "Haruo Sotozaki", "Koyoharu Gotouge", "", "", "", "Japan", "Japanese", "", ""
"112", "The Chaos Class Failed the Class", "1975", "8.4", "31426", "Comedy", "95", "movie", "https://www.imdb.com/title/tt0252488/", "", "A young and beautiful female teacher starts working in an all boys high school.", "https://m.media-amazon.com/images/M/MV5BZmY3MjVhMmQtOTcwYy00ZjcyLWFiZDgtN2JiODVjNjQzYWQyXkEyXkFqcGc@._V1_SX300.jpg", "Ertem Egilmez", "Sadik Sendil, Rifat Ilgaz", "Münir Özkul, Tarik Akan, Kemal Sunal", "1 win", "", "Turkey", "Turkish", "", ""
"113", "Sarpatta Parambarai", "2021", "8.4", "29002", "Action,Drama,Sport", "173", "movie", "https://www.imdb.com/title/tt11580854/", "", "When Sarpatta Parambarai is challenged to a do-or-die match, will Kabilan, a young labourer, put on the gloves himself and lead his clan to victory, or be dissuaded by his disapproving mother and dangerous politics?", "https://m.media-amazon.com/images/M/MV5BYjFiOGMwNWYtMTI4OS00YWE2LTllZmQtOTRjMjEzM2M0NWM0XkEyXkFqcGc@._V1_SX300.jpg", "Pa. Ranjith", "Tamizh Prabha, Pa. Ranjith", "Arya, Pasupathy, John Kokken", "10 wins & 18 nominations total", "", "India", "Tamil", "", ""
"114", "The Best of Youth", "2003", "8.4", "28743", "Drama,Romance", "374", "movie", "https://www.imdb.com/title/tt0346336/", "R", "An Italian epic that follows the lives of two brothers from the 1960s to the 2000s.", "https://m.media-amazon.com/images/M/MV5BYzcxMTE2YjUtMzIyMy00NDNjLWE3ZWYtODQzYmNhNDVhNDZmXkEyXkFqcGc@._V1_SX300.jpg", "Marco Tullio Giordana", "Sandro Petraglia, Stefano Rulli", "Luigi Lo Cascio, Alessio Boni, Jasmine Trinca", "33 wins & 25 nominations total", "$274,024", "Italy", "Italian, English, Norwegian", "94%", "89/100"
"115", "Anniyan", "2005", "8.4", "26920", "Action,Crime,Drama", "181", "movie", "https://www.imdb.com/title/tt0376127/", "Not Rated", "Ramanujam, who suffers from multiple personality disorder, works as a lawyer by day and a vigilante at night, using tips from the 'Garuda Purana' as his tools to punish various antisocial elements.", "https://m.media-amazon.com/images/M/MV5BNTRlM2Y1MjQtNzkyMS00YTI4LWIzMDktMTMyY2U4NmI2N2U2XkEyXkFqcGc@._V1_SX300.jpg", "S. Shankar", "Gopal Ram, S. Shankar, Sujatha", "Vikram, Sada, Prakash Raj", "18 wins", "", "India", "Tamil", "", ""
"116", "Black Friday", "2004", "8.4", "26534", "Action,Crime,Drama", "143", "movie", "https://www.imdb.com/title/tt0400234/", "Not Rated", "A film about the investigations following the 1993 serial Bombay bomb blasts, told through the different stories of the people involved --police, conspirators, victims, middlemen.", "https://m.media-amazon.com/images/M/MV5BZmUzYmJiMWItYWEyMC00N2VjLWEzNGQtODc4NDdmZDNmYTk0XkEyXkFqcGc@._V1_SX300.jpg", "Anurag Kashyap", "Anurag Kashyap, Hussain Zaidi, Piyush Mishra", "Kay Kay Menon, Pawan Malhotra, Aditya Srivastav", "1 win & 7 nominations total", "$35,000", "India", "Hindi, English", "90%", "76/100"
"117", "Woman in the Dunes", "1964", "8.4", "26336", "Drama,Thriller", "147", "movie", "https://www.imdb.com/title/tt0058625/", "Not Rated", "An entomologist on vacation is trapped by local villagers into living with a woman whose life task is shoveling sand for them.", "https://m.media-amazon.com/images/M/MV5BM2E1ZjY5MjItZTUxZS00NTI1LWEwMmEtODhlMDAyMzUyOTRmXkEyXkFqcGc@._V1_SX300.jpg", "Hiroshi Teshigahara", "Kôbô Abe, Eiko Yoshida", "Eiji Okada, Kyôko Kishida, Kôji Mitsui", "Nominated for 2 Oscars. 11 wins & 3 nominations total", "", "Japan", "Japanese", "100%", ""
"118", "The Salt of the Earth", "2014", "8.4", "25516", "Biography,Documentary,History", "110", "movie", "https://www.imdb.com/title/tt3674140/", "PG-13", "The life and work of photographer Sebastião Salgado, who has spent forty years documenting societies in hidden corners of the world.", "https://m.media-amazon.com/images/M/MV5BNjkyNjI3ODc0Ml5BMl5BanBnXkFtZTgwMTU0MjM2NDE@._V1_SX300.jpg", "Juliano Ribeiro Salgado, Wim Wenders", "Wim Wenders, Juliano Ribeiro Salgado, David Rosier", "Sebastião Salgado, Wim Wenders, Lélia Wanick Salgado", "Nominated for 1 Oscar. 14 wins & 15 nominations total", "$1,343,349", "France, Italy, Brazil", "French, English, Portuguese", "94%", "83/100"
"119", "Joker", "2019", "8.3", "1723564", "Drama", "122", "movie", "https://www.imdb.com/title/tt7286456/", "R", "Arthur Fleck, a party clown and a failed stand-up comedian, leads an impoverished life with his ailing mother. However, when society shuns him and brands him as a freak, he decides to embrace the life of chaos in Gotham City.", "https://m.media-amazon.com/images/M/MV5BNzY3OWQ5NDktNWQ2OC00ZjdlLThkMmItMDhhNDk3NTFiZGU4XkEyXkFqcGc@._V1_QL75_UX380_CR0,0,380,562_.jpg", "Todd Phillips", "Todd Phillips, Scott Silver, Bob Kane", "Joaquin Phoenix, Robert De Niro, Zazie Beetz", "Won 2 Oscars. 120 wins & 247 nominations total", "$335,477,657", "United States, Canada, Australia", "English, German", "68%", "59/100"
"120", "American Beauty", "1999", "8.3", "1287660", "Drama", "122", "movie", "https://www.imdb.com/title/tt0169547/", "R", "A sexually frustrated suburban father has a mid-life crisis after becoming infatuated with his daughter's best friend.", "https://m.media-amazon.com/images/M/MV5BMDI1MDE0OTMtMmI2MS00Yjc2LTg2MTItMWExYTg5NzA1OGUzXkEyXkFqcGc@._V1_SX300.jpg", "Sam Mendes", "Alan Ball", "Kevin Spacey, Annette Bening, Thora Birch", "Won 5 Oscars. 112 wins & 102 nominations total", "$130,096,601", "United States", "English", "87%", "84/100"
"121", "Up", "2009", "8.3", "1254660", "Adventure,Animation,Comedy", "96", "movie", "https://www.imdb.com/title/tt1049413/", "PG", "78-year-old Carl Fredricksen travels to South America in his house equipped with balloons, inadvertently taking a young stowaway.", "https://m.media-amazon.com/images/M/MV5BNmI1ZTc5MWMtMDYyOS00ZDc2LTkzOTAtNjQ4NWIxNjYyNDgzXkEyXkFqcGc@._V1_SX300.jpg", "Pete Docter, Bob Peterson", "Bob Peterson, Pete Docter, Tom McCarthy", "Edward Asner, Jordan Nagai, John Ratzenberger", "Won 2 Oscars. 81 wins & 88 nominations total", "$293,004,164", "United States", "English", "98%", "88/100"
"122", "Star Wars: Episode VI - Return of the Jedi", "1983", "8.3", "1223122", "Action,Adventure,Fantasy", "131", "movie", "https://www.imdb.com/title/tt0086190/", "PG", "After rescuing Han Solo from Jabba the Hutt, the Rebel Alliance attempts to destroy the second Death Star while Luke struggles to help Darth Vader back from the dark side.", "https://m.media-amazon.com/images/M/MV5BNWEwOTI0MmUtMGNmNy00ODViLTlkZDQtZTg1YmQ3MDgyNTUzXkEyXkFqcGc@._V1_SX300.jpg", "Richard Marquand", "Lawrence Kasdan, George Lucas", "Mark Hamill, Harrison Ford, Carrie Fisher", "Nominated for 4 Oscars. 25 wins & 23 nominations total", "$316,566,101", "United States", "English, Kikuyu, Tagalog, Kalmyk-Oirat, Quechua, Polish", "83%", "58/100"
"123", "Toy Story", "1995", "8.3", "1197458", "Adventure,Animation,Comedy", "81", "movie", "https://www.imdb.com/title/tt0114709/", "G", "A cowboy doll is profoundly jealous when a new spaceman action figure supplants him as the top toy in a boy's bedroom. When circumstances separate them from their owner, the duo have to put aside their differences to return to him.", "https://m.media-amazon.com/images/M/MV5BZTA3OWVjOWItNjE1NS00NzZiLWE1MjgtZDZhMWI1ZTlkNzYwXkEyXkFqcGc@._V1_SX300.jpg", "John Lasseter", "Joss Whedon, Andrew Stanton, Joel Cohen", "Tom Hanks, Tim Allen, Don Rickles", "Nominated for 3 Oscars. 29 wins & 24 nominations total", "$229,947,062", "United States", "English", "100%", "96/100"
"124", "Eternal Sunshine of the Spotless Mind", "2004", "8.3", "1195147", "Drama,Romance,Sci-Fi", "108", "movie", "https://www.imdb.com/title/tt0338013/", "R", "When their relationship turns sour, a couple undergoes a medical procedure to have each other erased from their memories forever.", "https://m.media-amazon.com/images/M/MV5BMTY4NzcwODg3Nl5BMl5BanBnXkFtZTcwNTEwOTMyMw@@._V1_SX300.jpg", "Michel Gondry", "Charlie Kaufman, Michel Gondry, Pierre Bismuth", "Jim Carrey, Kate Winslet, Tom Wilkinson", "Won 1 Oscar. 73 wins & 111 nominations total", "$34,400,301", "United States", "English", "93%", "89/100"
"125", "Braveheart", "1995", "8.3", "1171588", "Drama,War", "178", "movie", "https://www.imdb.com/title/tt0112573/", "R", "Scottish warrior William Wallace leads his countrymen in a rebellion to free his homeland from the tyranny of King Edward I of England.", "https://m.media-amazon.com/images/M/MV5BNGMxZDBhNGQtYTZlNi00N2UzLWI4NDEtNmUzNWM2NTdmZDA0XkEyXkFqcGc@._V1_SX300.jpg", "Mel Gibson", "Randall Wallace", "Mel Gibson, Sophie Marceau, Patrick McGoohan", "Won 5 Oscars. 34 wins & 34 nominations total", "$75,609,945", "United States", "English, French, Latin, Gaelic, Italian", "74%", "68/100"
"126", "Scarface", "1983", "8.3", "1033086", "Crime,Drama", "170", "movie", "https://www.imdb.com/title/tt0086250/", "R", "In the 1980s, a determined criminal-minded Cuban immigrant becomes the biggest drug smuggler in Miami, and is eventually undone by his own drug addiction.", "https://m.media-amazon.com/images/M/MV5BNDUzYjY0NmUtMDM4OS00Y2Q5LWJiODYtNTk0ZTk0YjZhMTg1XkEyXkFqcGc@._V1_QL75_UX380_CR0,4,380,562_.jpg", "Brian De Palma", "Oliver Stone, Howard Hawks, Ben Hecht", "Al Pacino, Michelle Pfeiffer, Steven Bauer", "8 nominations total", "$45,967,303", "United States", "English, Spanish", "77%", "65/100"
"127", "Toy Story 3", "2010", "8.3", "989349", "Adventure,Animation,Comedy", "103", "movie", "https://www.imdb.com/title/tt0435761/", "G", "The toys are mistakenly delivered to a day-care center instead of the attic right before Andy leaves for college, and it's up to Woody to convince the other toys that they weren't abandoned and to return home.", "https://m.media-amazon.com/images/M/MV5BMTgxOTY4Mjc0MF5BMl5BanBnXkFtZTcwNTA4MDQyMw@@._V1_SX300.jpg", "Lee Unkrich", "Michael Arndt, John Lasseter, Andrew Stanton", "Tom Hanks, Tim Allen, Joan Cusack", "Won 2 Oscars. 63 wins & 96 nominations total", "$415,004,880", "United States", "English, Spanish", "98%", "92/100"
"128", "Requiem for a Dream", "2000", "8.3", "984056", "Drama", "102", "movie", "https://www.imdb.com/title/tt0180093/", "NC-17", "The drug-induced utopias of four Coney Island people are shattered when their addictions run deep.", "https://m.media-amazon.com/images/M/MV5BN2ZlMjIzZjctYzA2My00ZWYyLWI4ZjctMGI2NWYyNzFiZjAwXkEyXkFqcGc@._V1_SX300.jpg", "Darren Aronofsky", "Hubert Selby Jr., Darren Aronofsky", "Ellen Burstyn, Jared Leto, Jennifer Connelly", "Nominated for 1 Oscar. 37 wins & 69 nominations total", "$3,635,482", "United States", "English", "80%", "71/100"
"129", "Heat", "1995", "8.3", "817530", "Action,Crime,Drama", "170", "movie", "https://www.imdb.com/title/tt0113277/", "R", "A group of high-end professional thieves start to feel the heat from the LAPD when they unknowingly leave a verbal clue at their latest heist.", "https://m.media-amazon.com/images/M/MV5BMTkxYjU1OTMtYWViZC00ZjAzLWI3MDktZGQ2N2VmMjVjNDRlXkEyXkFqcGc@._V1_QL75_UY562_CR6,0,380,562_.jpg", "Michael Mann", "Michael Mann", "Al Pacino, Robert De Niro, Val Kilmer", "15 nominations total", "$67,436,818", "United States", "English, Spanish", "84%", "76/100"
"130", "2001: A Space Odyssey", "1968", "8.3", "792046", "Adventure,Sci-Fi", "149", "movie", "https://www.imdb.com/title/tt0062622/", "G", "When a mysterious artifact is uncovered on the Moon, a spacecraft manned by two humans and one supercomputer is sent to Jupiter to find its origins.", "https://m.media-amazon.com/images/M/MV5BNjU0NDFkMTQtZWY5OS00MmZhLTg3Y2QtZmJhMzMzMWYyYjc2XkEyXkFqcGc@._V1_SX300.jpg", "Stanley Kubrick", "Stanley Kubrick, Arthur C. Clarke", "Keir Dullea, Gary Lockwood, William Sylvester", "Won 1 Oscar. 18 wins & 14 nominations total", "$60,481,243", "United Kingdom, United States", "English, Russian, French", "90%", "84/100"
"131", "Oldboy", "2003", "8.3", "731264", "Action,Drama,Mystery", "120", "movie", "https://www.imdb.com/title/tt0364569/", "R", "After being kidnapped and imprisoned for fifteen years, Oh Dae-Su is released, only to find that he must track down his captor in five days.", "https://m.media-amazon.com/images/M/MV5BMTAwNzNjYWItZmI0Ni00ZTcyLWIwNWMtZjlmNGMxZTEyYTJmXkEyXkFqcGc@._V1_SX300.jpg", "Park Chan-wook", "Garon Tsuchiya, Nobuaki Minegishi, Park Chan-wook", "Choi Min-sik, Yoo Ji-tae, Kang Hye-jeong", "46 wins & 28 nominations total", "$2,458,200", "South Korea", "Korean", "82%", "78/100"
"132", "Dr. Strangelove or: How I Learned to Stop Worrying and Love the Bomb", "1964", "8.3", "554179", "Comedy,War", "95", "movie", "https://www.imdb.com/title/tt0057012/", "PG", "A mentally unstable American general orders a hydrogen bomb attack on the Soviet Union, triggering a path to global nuclear holocaust that a war room full of politicians and generals frantically tries to stop.", "https://m.media-amazon.com/images/M/MV5BMjFjYzBlOTktMTI2OS00ZWVhLTgxMDUtNzAwODY2NmI3YTAzXkEyXkFqcGc@._V1_SX300.jpg", "Stanley Kubrick", "Stanley Kubrick, Terry Southern, Peter George", "Peter Sellers, George C. Scott, Sterling Hayden", "Nominated for 4 Oscars. 14 wins & 11 nominations total", "$9,440,272", "United Kingdom", "English, Russian", "98%", "97/100"
"133", "Princess Mononoke", "1997", "8.3", "490305", "Adventure,Animation,Fantasy", "133", "movie", "https://www.imdb.com/title/tt0119698/", "PG-13", "While seeking to cure himself of a curse, young warrior Ashitaka stumbles into a conflict between the people of Iron Town and Princess Mononoke, a girl raised by wolves, who will stop at nothing to prevent the destruction of her h...", "https://m.media-amazon.com/images/M/MV5BNjAzODViNGEtMjBkYi00N2U5LWJjNjAtY2U0MGJhZTEwOTU0XkEyXkFqcGc@._V1_SX300.jpg", "Hayao Miyazaki", "Hayao Miyazaki", "Yôji Matsuda, Yuriko Ishida, Yûko Tanaka", "14 wins & 6 nominations total", "$11,696,687", "Japan", "Japanese", "93%", "78/100"
"134", "The Hunt", "2012", "8.3", "417658", "Drama", "115", "movie", "https://www.imdb.com/title/tt2106476/", "R", "A teacher lives a lonely life, all the while struggling over his son's custody. His life slowly gets better as he finds love and receives good news from his son, but his new luck is about to be brutally shattered by an innocent li...", "https://m.media-amazon.com/images/M/MV5BMTg2NDg3ODg4NF5BMl5BanBnXkFtZTcwNzk3NTc3Nw@@._V1_SX300.jpg", "Thomas Vinterberg", "Thomas Vinterberg, Tobias Lindholm", "Mads Mikkelsen, Thomas Bo Larsen, Annika Wedderkopp", "Nominated for 1 Oscar. 38 wins & 74 nominations total", "$613,308", "Denmark, Sweden, Belgium, France", "Danish, English, Polish", "92%", "77/100"
"135", "Once Upon a Time in America", "1984", "8.3", "411792", "Crime,Drama", "229", "movie", "https://www.imdb.com/title/tt0087843/", "R", "A former Prohibition-era Jewish gangster returns to the Lower East Side of Manhattan 35 years later, where he must once again confront the ghosts and regrets of his old life.", "https://m.media-amazon.com/images/M/MV5BMDQ0ZTg2OGUtZjMyOC00M2M5LThkMmItZmM2MmUzMmIxMWJhXkEyXkFqcGc@._V1_QL75_UX380_CR0,4,380,562_.jpg", "Sergio Leone", "Harry Grey, Leonardo Benvenuti, Piero De Bernardi", "Robert De Niro, James Woods, Elizabeth McGovern", "Won 2 BAFTA Awards. 11 wins & 13 nominations total", "$5,321,508", "Italy, United States", "English, Italian, French, Yiddish, Hebrew", "86%", "75/100"
"136", "Lawrence of Arabia", "1962", "8.3", "345785", "Adventure,Biography,Drama", "227", "movie", "https://www.imdb.com/title/tt0056172/", "PG", "The story of T.E. Lawrence, the English officer who successfully united and led the diverse, often warring, Arab tribes during World War I in order to fight the Turks.", "https://m.media-amazon.com/images/M/MV5BYjY0YTQ1OTAtYjEyNy00NTQ4LThlMTQtM2QwYTVhYWFhNjU5XkEyXkFqcGc@._V1_SX300.jpg", "David Lean", "Robert Bolt, Michael Wilson", "Peter O'Toole, Alec Guinness, Anthony Quinn", "Won 7 Oscars. 31 wins & 14 nominations total", "$45,306,425", "United Kingdom, United States", "English, Arabic, Turkish", "93%", "100/100"
"137", "Das Boot", "1981", "8.3", "290333", "Drama,War", "149", "movie", "https://www.imdb.com/title/tt0082096/", "R", "A German U-boat stalks the frigid waters of the North Atlantic as its young crew experience the sheer terror and claustrophobic life of a submariner in World War II.", "https://m.media-amazon.com/images/M/MV5BNGU0MWZlMTUtM2Y3Ny00NGNmLWE5NmEtN2YxOWQzMGM3ZWYzXkEyXkFqcGc@._V1_SX300.jpg", "Wolfgang Petersen", "Lothar G. Buchheim, Wolfgang Petersen", "Jürgen Prochnow, Herbert Grönemeyer, Klaus Wennemann", "Nominated for 6 Oscars. 15 wins & 12 nominations total", "$11,487,676", "West Germany", "German, English, French", "98%", "85/100"
"138", "Singin' in the Rain", "1952", "8.3", "285597", "Comedy,Musical,Romance", "103", "movie", "https://www.imdb.com/title/tt0045152/", "G", "A silent film star falls for a chorus girl just as he and his delusionally jealous screen partner are trying to make the difficult transition to talking pictures in 1920s Hollywood.", "https://m.media-amazon.com/images/M/MV5BMGQzZDFjZWUtZDU4ZS00ZjM3LTgyYmItYjA3YmIwYzRkZWY3XkEyXkFqcGc@._V1_QL75_UY562_CR3,0,380,562_.jpg", "Stanley Donen, Gene Kelly", "Betty Comden, Adolph Green", "Gene Kelly, Donald O'Connor, Debbie Reynolds", "Nominated for 2 Oscars. 11 wins & 11 nominations total", "$1,884,537", "United States", "English", "100%", "99/100"
"139", "A Separation", "2011", "8.3", "280266", "Drama", "123", "movie", "https://www.imdb.com/title/tt1832382/", "PG-13", "A married couple are faced with a difficult decision - to improve the life of their child by moving to another country or to stay in Iran and look after a deteriorating parent who has Alzheimer's disease.", "https://m.media-amazon.com/images/M/MV5BMDM0ZWRmMzctM2M5ZS00ZjU0LWIxN2MtNWNlNGY1ZDhjMDVhXkEyXkFqcGc@._V1_SX300.jpg", "Asghar Farhadi", "Asghar Farhadi", "Payman Maadi, Leila Hatami, Sareh Bayat", "Won 1 Oscar. 89 wins & 52 nominations total", "$7,099,055", "Iran, France, Australia", "Persian", "99%", "95/100"
"140", "Incendies", "2010", "8.3", "258720", "Drama,Mystery,War", "131", "movie", "https://www.imdb.com/title/tt1255953/", "R", "Twins journey to the Middle East to discover their family history and fulfill their mother's last wishes.", "https://m.media-amazon.com/images/M/MV5BYWFmMjdmNjctNzhhOC00ZmMzLTkwOGItMmVmZDU4MjE2MTYwXkEyXkFqcGc@._V1_SX300.jpg", "Denis Villeneuve", "Wajdi Mouawad, Denis Villeneuve, Valérie Beaugrand-Champagne", "Lubna Azabal, Mélissa Désormeaux-Poulin, Maxim Gaudette", "Nominated for 1 Oscar. 41 wins & 20 nominations total", "$2,071,334", "Canada, France", "French, Arabic, English", "91%", "80/100"
"141", "Dangal", "2016", "8.3", "247773", "Action,Biography,Drama", "161", "movie", "https://www.imdb.com/title/tt5074352/", "Not Rated", "Mahavir Singh Phogat, a former wrestler, decides to fulfill his dream of winning a gold medal for his country by training his daughters for the Commonwealth Games despite the existing social stigmas.", "https://m.media-amazon.com/images/M/MV5BMTQ4MzQzMzM2Nl5BMl5BanBnXkFtZTgwMTQ1NzU3MDI@._V1_SX300.jpg", "Nitesh Tiwari", "Piyush Gupta, Shreyas Jain, Nikhil Mehrotra", "Aamir Khan, Sakshi Tanwar, Fatima Sana Shaikh", "41 wins & 38 nominations total", "$12,391,761", "India, United States", "Hindi, English", "89%", ""
"142", "Like Stars on Earth", "2007", "8.3", "235914", "Drama,Family", "162", "movie", "https://www.imdb.com/title/tt0986264/", "PG", "A young boy is thought to be nothing but a lazy troublemaker until the new art teacher has the patience and compassion to discover the real problem behind his struggles in school.", "https://m.media-amazon.com/images/M/MV5BNjVmMTlkNGYtYTM2OC00Yjc2LWIyYmQtMDY4ZmU1MWRlMjA3XkEyXkFqcGc@._V1_SX300.jpg", "Aamir Khan", "Amole Gupte", "Darsheel Safary, Aamir Khan, Tisca Chopra", "28 wins & 18 nominations total", "$1,223,869", "India", "Hindi, English", "93%", ""
"143", "The Apartment", "1960", "8.3", "222891", "Comedy,Drama,Romance", "125", "movie", "https://www.imdb.com/title/tt0053604/", "Approved", "A Manhattan insurance clerk tries to rise in his company by letting its executives use his apartment for trysts, but office politics and his own romantic hopes complicate matters.", "https://m.media-amazon.com/images/M/MV5BNDdhMzVhOWQtNDU2Mi00ZmZmLWJiZDMtY2QxMjhjY2Y1ZTI5XkEyXkFqcGc@._V1_SX300.jpg", "Billy Wilder", "Billy Wilder, I.A.L. Diamond", "Jack Lemmon, Shirley MacLaine, Fred MacMurray", "Won 5 Oscars. 25 wins & 8 nominations total", "$18,600,000", "United States", "English", "93%", "94/100"
"144", "M", "1931", "8.3", "184253", "Crime,Mystery,Thriller", "99", "movie", "https://www.imdb.com/title/tt0022100/", "Passed", "When the police in a German city are unable to catch a child-murderer, other criminals join in the manhunt.", "https://m.media-amazon.com/images/M/MV5BODA4ODk3OTEzMF5BMl5BanBnXkFtZTgwMTQ2ODMwMzE@._V1_SX300.jpg", "Fritz Lang", "Thea von Harbou, Fritz Lang, Egon Jacobsohn", "Peter Lorre, Ellen Widmann, Inge Landgut", "2 wins total", "$35,566", "Germany", "German", "100%", ""
"145", "Double Indemnity", "1944", "8.3", "183140", "Crime,Drama,Film-Noir", "107", "movie", "https://www.imdb.com/title/tt0036775/", "Approved", "An insurance representative is seduced by a dissatisfied housewife into a scheme of insurance fraud and murder that arouses the suspicion of his colleague, a claims investigator.", "https://m.media-amazon.com/images/M/MV5BM2YwNjZlZDktNTlmNS00ODQwLWJmNmUtYmE1NTBhYjc1YTY5XkEyXkFqcGc@._V1_SX300.jpg", "Billy Wilder", "Billy Wilder, Raymond Chandler, James M. Cain", "Fred MacMurray, Barbara Stanwyck, Edward G. Robinson", "Nominated for 7 Oscars. 5 wins & 9 nominations total", "", "United States", "English", "97%", "95/100"
"146", "Hamilton", "2020", "8.3", "142558", "Biography,Drama,History", "160", "movie", "https://www.imdb.com/title/tt8503618/", "PG-13", "The real life of one of America's foremost founding fathers and first Secretary of the Treasury, Alexander Hamilton. Captured live on Broadway from the Richard Rodgers Theater with the original Broadway cast.", "https://m.media-amazon.com/images/M/MV5BYTc3MWIyMzAtMTZmNC00YmNjLWIyZTgtMmU4NjZkYzZkOThkXkEyXkFqcGc@._V1_QL75_UX380_CR0,0,380,562_.jpg", "Thomas Kail", "Lin-Manuel Miranda, Ron Chernow", "Lin-Manuel Miranda, Phillipa Soo, Leslie Odom Jr.", "Won 2 Primetime Emmys. 19 wins & 43 nominations total", "$16,946,377", "United States", "English, French", "98%", "88/100"
"147", "Dil Bechara", "2020", "8.3", "138533", "Comedy,Drama,Romance", "101", "movie", "https://www.imdb.com/title/tt8110330/", "Not Rated", "The emotional journey of two hopelessly-in-love youngsters; a young girl, Kizie, who is suffering from cancer; and Manny, a boy Kizie meets at a support group.", "https://m.media-amazon.com/images/M/MV5BN2U2ZWY0MjktM2RmNy00ZTc3LTg0MGMtZGJiNjAxYTkxOTZkXkEyXkFqcGc@._V1_SX300.jpg", "Mukesh Chhabra", "Shashank Khaitan, Suprotim Sengupta, Scott Neustadter", "Sushant Singh Rajput, Sanjana Sanghi, Sahil Vaid", "9 wins & 13 nominations total", "", "India", "Hindi", "88%", ""
"148", "Shershaah", "2021", "8.3", "137477", "Action,Biography,Drama", "135", "movie", "https://www.imdb.com/title/tt10295212/", "TV-14", "Shershaah is the story of PVC awardee Indian soldier Capt. Vikram Batra, whose bravery and unflinching courage in chasing the Pakistani soldiers out of Indian territory contributed immensely in India finally winning the Kargil War...", "https://m.media-amazon.com/images/M/MV5BZTAzNzg0OGUtZmY1My00Y2VmLTk2YzYtNDU3MjlmNzU5ZjE3XkEyXkFqcGc@._V1_SX300.jpg", "Vishnuvardhan", "Sandeep Shrivastava", "Sidharth Malhotra, Kiara Advani, Shiv Panditt", "52 wins & 50 nominations total", "", "India", "Hindi", "54%", ""
"149", "Come and See", "1985", "8.3", "126296", "Drama,Thriller,War", "142", "movie", "https://www.imdb.com/title/tt0091251/", "Not Rated", "After finding an old rifle, a young boy joins the Soviet resistance movement against ruthless German forces and experiences the horrors of World War II.", "https://m.media-amazon.com/images/M/MV5BNDlkZmVkZDAtZGFmMS00OWIzLWJkY2YtNWE5NjNhNjhiZGE3XkEyXkFqcGc@._V1_SX300.jpg", "Elem Klimov", "Ales Adamovich, Elem Klimov", "Aleksey Kravchenko, Olga Mironova, Liubomiras Laucevicius", "3 wins total", "$71,909", "Soviet Union", "Russian, Belarusian, German", "90%", ""
"150", "Ikiru", "1952", "8.3", "103813", "Drama", "143", "movie", "https://www.imdb.com/title/tt0044741/", "Not Rated", "A bureaucrat tries to find meaning in his life after he discovers he has terminal cancer.", "https://m.media-amazon.com/images/M/MV5BYWI2MzBhMzItYzQ3OS00N2Q4LTkyZDUtMjM1YTk0NjhkOWRiXkEyXkFqcGc@._V1_SX300.jpg", "Akira Kurosawa", "Akira Kurosawa, Shinobu Hashimoto, Hideo Oguni", "Takashi Shimura, Nobuo Kaneko, Shin'ichi Himori", "Nominated for 1 BAFTA Award6 wins & 2 nominations total", "$60,239", "Japan", "Japanese, Latin, English, French", "98%", "92/100"
"151", "Judgment at Nuremberg", "1961", "8.3", "98472", "Drama,History,War", "179", "movie", "https://www.imdb.com/title/tt0055031/", "Approved", "Fictionalized depiction of the 1947 Judges' Trial, the third of 12 trials of Nazi war criminals conducted by the American occupying forces in Nuremberg, Germany, in which former judges of Nazi Germany were tried for their actions.", "https://m.media-amazon.com/images/M/MV5BNDc2ODQ5NTE2MV5BMl5BanBnXkFtZTcwODExMjUyNA@@._V1_SX300.jpg", "Stanley Kramer", "Abby Mann, Montgomery Clift", "Spencer Tracy, Burt Lancaster, Richard Widmark", "Won 2 Oscars. 16 wins & 26 nominations total", "", "United States", "English, German", "93%", "60/100"
"152", "Vikram", "2022", "8.3", "90973", "Action,Crime,Thriller", "175", "movie", "https://www.imdb.com/title/tt9179430/", "Not Rated", "A special investigator discovers a case of serial killings is not what it seems to be, and leading down this path is only going to end in a war between everyone involved.", "https://m.media-amazon.com/images/M/MV5BMmViYjExY2UtMzZjOS00OGQ2LWEzNWYtNGYxY2NkY2RmMDE3XkEyXkFqcGc@._V1_SX300.jpg", "Lokesh Kanagaraj", "Lokesh Kanagaraj, Rathna Kumar", "Kamal Haasan, Vijay Sethupathi, Fahadh Faasil", "6 wins & 11 nominations total", "$1,770,000", "India", "Tamil", "59%", ""
"153", "Maharaja", "2024", "8.3", "85233", "Action,Crime,Drama", "141", "movie", "https://www.imdb.com/title/tt26548265/", "", "A barber seeks vengeance after his home is burglarized, cryptically telling police his "lakshmi" has been taken, leaving them uncertain if it's a person or object. His quest to recover the elusive "lakshmi" unfolds.", "https://m.media-amazon.com/images/M/MV5BOTFlMTIxOGItZTk0Zi00MTk2LWJiM2UtMzlhZWYzNjQ4N2Y3XkEyXkFqcGc@._V1_SX300.jpg", "Nithilan Saminathan", "Nithilan Saminathan", "Vijay Sethupathi, Anurag Kashyap, Mamta Mohandas", "3 wins & 7 nominations total", "", "India", "Tamil", "83%", ""
"154", "Chhichhore", "2019", "8.3", "74295", "Comedy,Drama,Romance", "143", "movie", "https://www.imdb.com/title/tt9052870/", "Not Rated", "A tragic incident forces Anirudh, a middle-aged man, to take a trip down memory lane and reminisce his college days along with his friends, who were labelled as losers.", "https://m.media-amazon.com/images/M/MV5BODgwYWE2MGEtYTMwYi00NTg5LWEzOWYtNTFiZDc4NWMzODcyXkEyXkFqcGc@._V1_SX300.jpg", "Nitesh Tiwari", "Piyush Gupta, Nikhil Mehrotra, Nitesh Tiwari", "Sushant Singh Rajput, Shraddha Kapoor, Varun Sharma", "5 wins & 21 nominations total", "$2,004,400", "India", "Hindi", "58%", ""
"155", "Chainsaw Man - The Movie: Reze Arc", "2025", "8.3", "67570", "Action,Adventure,Animation", "100", "movie", "https://www.imdb.com/title/tt30472557/", "R", "Denji encounters a new romantic interest, Reze, who works at a coffee café.", "https://m.media-amazon.com/images/M/MV5BZmMzNGVhODktYmU5MS00MDg1LThlNTEtNTMyYTg5MDA0Njk4XkEyXkFqcGc@._V1_SX300.jpg", "Tatsuya Yoshihara", "Tatsuki Fujimoto, Hiroshi Seko", "Kikunosuke Toya, Shiori Izawa, Tomori Kusunoki", "", "$43,438,461", "Japan", "Japanese", "96%", "71/100"
"156", "Lost Ladies", "2023", "8.3", "62038", "Comedy,Drama", "122", "movie", "https://www.imdb.com/title/tt21626284/", "TV-14", "The misadventures of two young brides who get lost from the same train. From mistaken identities to laugh-out-aloud escapades, the ensuing chaos guarantees laughter galore and heartwarming moments.", "https://m.media-amazon.com/images/M/MV5BZGI5NzVmNDktZWY2Ni00ZGMwLTlhMzctNzJhYTgzZmQ2ZjNjXkEyXkFqcGc@._V1_SX300.jpg", "Kiran Rao", "Biplab Goswami, Sneha Desai, Divy Nidhi Sharma", "Nitanshi Goel, Pratibha Ranta, Sparsh Shrivastava", "66 wins & 63 nominations total", "", "India", "Hindi", "100%", ""
"157", "Ratsasan", "2018", "8.3", "60977", "Crime,Drama,Mystery", "146", "movie", "https://www.imdb.com/title/tt7060344/", "Not Rated", "A sub-inspector sets out in pursuit of a mysterious serial killer who targets teen school girls and murders them brutally.", "https://m.media-amazon.com/images/M/MV5BMjgzMzMxMzUtNzUyYi00NTkxLWI1NTAtMjZhNmMxMGQ4YjBmXkEyXkFqcGc@._V1_SX300.jpg", "Ram Kumar", "Ram Kumar, Sorif B. Mahmud", "Vishnu Vishal, Amala Paul, Radha Ravi", "3 wins & 6 nominations", "", "India", "Tamil", "", ""
"158", "Sardar Udham", "2021", "8.3", "51286", "Crime,Drama,History", "164", "movie", "https://www.imdb.com/title/tt10280296/", "TV-MA", "A biopic detailing the 2 decades that Punjabi Sikh revolutionary, Udham Singh, spent planning the assassination of the man responsible for the Jallianwala Bagh massacre.", "https://m.media-amazon.com/images/M/MV5BMzI5ZTIxOTgtNzU4Zi00YmE4LTlkMTMtNjhkODc0ZjdjZGI3XkEyXkFqcGc@._V1_SX300.jpg", "Shoojit Sircar", "Shubhendu Bhattacharya, Ritesh Shah", "Vicky Kaushal, Shaun Scott, Stephen Hogan", "32 wins & 31 nominations total", "", "India", "Hindi", "95%", ""
"159", "Man with a Movie Camera", "1929", "8.3", "30685", "Documentary", "68", "movie", "https://www.imdb.com/title/tt0019760/", "Not Rated", "A man travels around a city with a camera slung over his shoulder, documenting urban life with dazzling invention.", "https://m.media-amazon.com/images/M/MV5BZDkzOTYyM2MtYzBmOC00NzIxLThkOGUtNzk5NjI0OWRjZjgzXkEyXkFqcGc@._V1_SX300.jpg", "Dziga Vertov", "Dziga Vertov", "Mikhail Kaufman, Elizaveta Svilova", "1 win & 1 nomination total", "", "Soviet Union", "None", "98%", "96/100"
"160", "Hoop Dreams", "1994", "8.3", "29800", "Documentary,Drama,Sport", "170", "movie", "https://www.imdb.com/title/tt0110057/", "PG-13", "A film following the lives of two inner-city Chicago boys who struggle to become college basketball players on the road to going professional.", "https://m.media-amazon.com/images/M/MV5BOGQ0NDdmZjUtYWY5OC00MDQzLThjNTgtZjc5ZTVmNGNhMmI2XkEyXkFqcGc@._V1_SX300.jpg", "Steve James", "Steve James, Frederick Marx", "William Gates, Arthur Agee, Emma Gates", "Nominated for 1 Oscar. 23 wins & 9 nominations total", "$7,830,611", "United States", "English", "98%", "98/100"
"161", "Premam", "2015", "8.3", "28858", "Comedy,Drama,Musical", "156", "movie", "https://www.imdb.com/title/tt4679210/", "", "A young man has three opportunities to find love. Will the third time be the charm?", "https://m.media-amazon.com/images/M/MV5BNWJiMWMxYmMtNTQxMy00ZjE2LWEzYTAtNTdmODI4MGI4OTRlXkEyXkFqcGc@._V1_SX300.jpg", "Alphonse Puthren", "Alphonse Puthren", "Nivin Pauly, Sai Pallavi, Madonna Sebastian", "25 wins & 5 nominations", "$178,000", "India", "Malayalam", "", ""
"162", "Bangalore Days", "2014", "8.3", "28680", "Comedy,Drama,Musical", "171", "movie", "https://www.imdb.com/title/tt3668162/", "Not Rated", "A fun roller coaster ride about three young people, Aju, Divya and Kuttan who are cousins, reach Bangalore to dream, discover and explore.", "https://m.media-amazon.com/images/M/MV5BMWI0YTgyNTEtNGU2Yi00MWQ5LWFiOTUtYTQ3MzMyNDcwYTIzXkEyXkFqcGc@._V1_SX300.jpg", "Anjali Menon", "Anjali Menon", "Dulquer Salmaan, Nivin Pauly, Nazriya Nazim", "20 wins & 2 nominations", "", "India", "Malayalam", "100%", ""
"163", "Won't You Be My Neighbor?", "2018", "8.3", "28294", "Biography,Documentary,History", "95", "movie", "https://www.imdb.com/title/tt7681902/", "PG-13", "An exploration of the life, lessons, and legacy of iconic children's television host Fred Rogers.", "https://m.media-amazon.com/images/M/MV5BMjM1NDg1MjUzNF5BMl5BanBnXkFtZTgwNTAxNjIzNTM@._V1_SX300.jpg", "Morgan Neville", "", "Fred Rogers, Margaret Whitmer, Tom Junod", "54 wins & 34 nominations", "$22,835,787", "United States", "English, Hebrew", "97%", "85/100"
"164", "Hi Nanna", "2023", "8.3", "27221", "Drama,Family,Romance", "155", "movie", "https://www.imdb.com/title/tt25433734/", "", "A single father begins to narrate the story of the missing mother to his child and nothing remains the same.", "https://m.media-amazon.com/images/M/MV5BZmU4MzExZGQtYzUzZC00NGE2LTg5NTgtZWI3MWM4YzgyNWUxXkEyXkFqcGc@._V1_SX300.jpg", "Shouryuv", "Vamshi Bommena, Nagendra Kasi, Shouryuv", "Nani, Mrunal Thakur, Kiara Khanna", "15 wins & 9 nominations total", "", "India", "Telugu", "100%", ""
"165", "The Wolf of Wall Street", "2013", "8.2", "1823104", "Biography,Comedy,Crime", "180", "movie", "https://www.imdb.com/title/tt0993846/", "R", "Based on the true story of Jordan Belfort, from his rise to a wealthy stock-broker living the high life to his fall involving crime, corruption and the federal government.", "https://m.media-amazon.com/images/M/MV5BMjIxMjgxNTk0MF5BMl5BanBnXkFtZTgwNjIyOTg2MDE@._V1_QL75_UX380_CR0,0,380,562_.jpg", "Martin Scorsese", "Terence Winter, Jordan Belfort", "Leonardo DiCaprio, Jonah Hill, Margot Robbie", "Nominated for 5 Oscars. 38 wins & 180 nominations total", "$116,900,694", "United States", "English, French", "79%", "75/100"
"166", "Batman Begins", "2005", "8.2", "1742471", "Crime", "140", "movie", "https://www.imdb.com/title/tt0372784/", "PG-13", "After witnessing his parents' death, billionaire Bruce Wayne learns the art of fighting to confront injustice. When he returns to Gotham as Batman, he must stop a secret society that intends to destroy the city.", "https://m.media-amazon.com/images/M/MV5BMzA2NDQzZDEtNDU5Ni00YTlkLTg2OWEtYmQwM2Y1YTBjMjFjXkEyXkFqcGc@._V1_QL75_UX380_CR0,0,380,562_.jpg", "Christopher Nolan", "Bob Kane, David S. Goyer, Christopher Nolan", "Christian Bale, Michael Caine, Ken Watanabe", "Nominated for 1 Oscar. 15 wins & 79 nominations total", "$206,863,479", "United States, United Kingdom", "English, Mandarin", "85%", "70/100"
"167", "Shutter Island", "2010", "8.2", "1681266", "Mystery,Thriller", "138", "movie", "https://www.imdb.com/title/tt1130884/", "R", "Two US marshals are sent to a mental institution on an inhospitable island in order to investigate the disappearance of a patient.", "https://m.media-amazon.com/images/M/MV5BN2FjNWExYzEtY2YzOC00YjNlLTllMTQtNmIwM2Q1YzBhOWM1XkEyXkFqcGc@._V1_QL75_UX380_CR0,0,380,562_.jpg", "Martin Scorsese", "Laeta Kalogridis, Dennis Lehane", "Leonardo DiCaprio, Emily Mortimer, Mark Ruffalo", "11 wins & 66 nominations total", "$128,012,934", "Canada, United States", "English, German", "69%", "63/100"
"168", "The Truman Show", "1998", "8.2", "1403415", "Comedy,Drama", "103", "movie", "https://www.imdb.com/title/tt0120382/", "PG", "An insurance salesman begins to suspect that his whole life is actually some sort of reality TV show.", "https://m.media-amazon.com/images/M/MV5BNzA3ZjZlNzYtMTdjMy00NjMzLTk5ZGYtMTkyYzNiOGM1YmM3XkEyXkFqcGc@._V1_SX300.jpg", "Peter Weir", "Andrew Niccol", "Jim Carrey, Ed Harris, Laura Linney", "Nominated for 3 Oscars. 42 wins & 69 nominations total", "$125,618,201", "United States", "English", "94%", "90/100"
"169", "Kill Bill: Vol. 1", "2003", "8.2", "1323703", "Action,Crime,Thriller", "111", "movie", "https://www.imdb.com/title/tt0266697/", "R", "After waking from a four-year coma, a former assassin wreaks vengeance on the team of assassins who betrayed her.", "https://m.media-amazon.com/images/M/MV5BZmMyYzJlZmYtY2I3NC00NjAyLTkyZWItZjdjZDI1YTYyYTEwXkEyXkFqcGc@._V1_QL75_UX380_CR0,4,380,562_.jpg", "Quentin Tarantino", "Quentin Tarantino, Uma Thurman", "Uma Thurman, David Carradine, Daryl Hannah", "Nominated for 5 BAFTA Awards. 30 wins & 103 nominations total", "$70,099,045", "United States", "English, Japanese, French", "85%", "69/100"
"170", "Finding Nemo", "2003", "8.2", "1224125", "Adventure,Animation,Comedy", "100", "movie", "https://www.imdb.com/title/tt0266543/", "G", "After his son is captured in the Great Barrier Reef and taken to Sydney, a timid clownfish sets out on a journey to bring him home.", "https://m.media-amazon.com/images/M/MV5BMTc5NjExNTA5OV5BMl5BanBnXkFtZTYwMTQ0ODY2._V1_SX300.jpg", "Andrew Stanton, Lee Unkrich", "Andrew Stanton, Bob Peterson, David Reynolds", "Albert Brooks, Ellen DeGeneres, Alexander Gould", "Won 1 Oscar. 49 wins & 63 nominations total", "$380,843,261", "United States, Japan, Australia, Kazakhstan, Armenia", "English, Japanese, Russian", "99%", "90/100"
"171", "No Country for Old Men", "2007", "8.2", "1211808", "Crime,Drama,Thriller", "122", "movie", "https://www.imdb.com/title/tt0477348/", "R", "Violence and mayhem ensue after a hunter stumbles upon the aftermath of a drug deal gone wrong and over two million dollars in cash near the Rio Grande.", "https://m.media-amazon.com/images/M/MV5BMjA5Njk3MjM4OV5BMl5BanBnXkFtZTcwMTc5MTE1MQ@@._V1_SX300.jpg", "Ethan Coen, Joel Coen", "Joel Coen, Ethan Coen, Cormac McCarthy", "Tommy Lee Jones, Javier Bardem, Josh Brolin", "Won 4 Oscars. 165 wins & 139 nominations total", "$74,283,625", "United States", "English, Spanish", "93%", "92/100"
"172", "Jurassic Park", "1993", "8.2", "1197523", "Adventure,Sci-Fi", "127", "movie", "https://www.imdb.com/title/tt0107290/", "PG-13", "An industrialist invites some experts to visit his theme park of cloned dinosaurs. After a power failure, the creatures run loose, putting everyone's lives, including his grandchildren's, in danger.", "https://m.media-amazon.com/images/M/MV5BMjM2MDgxMDg0Nl5BMl5BanBnXkFtZTgwNTM2OTM5NDE@._V1_SX300.jpg", "Steven Spielberg", "Michael Crichton, David Koepp", "Sam Neill, Laura Dern, Jeff Goldblum", "Won 3 Oscars. 44 wins & 27 nominations total", "$407,185,075", "United States", "English, Spanish", "91%", "68/100"
"173", "Reservoir Dogs", "1992", "8.2", "1180945", "Crime,Thriller", "99", "movie", "https://www.imdb.com/title/tt0105236/", "R", "When a simple jewelry heist goes horribly wrong, the surviving criminals begin to suspect that one of them is a police informant.", "https://m.media-amazon.com/images/M/MV5BMmMzYjg4NDctYWY0Mi00OGViLWIzMTMtYWNlZGY5ZDJmYjk3XkEyXkFqcGc@._V1_SX300.jpg", "Quentin Tarantino", "Quentin Tarantino, Roger Avary", "Harvey Keitel, Tim Roth, Michael Madsen", "13 wins & 23 nominations total", "$2,832,029", "United States", "English", "90%", "81/100"
"174", "The Sixth Sense", "1999", "8.2", "1159691", "Drama,Mystery,Thriller", "107", "movie", "https://www.imdb.com/title/tt0167404/", "PG-13", "After being shot by a resentful former patient whom he failed to help, a Philadelphia child psychologist seeks redemption by treating a young boy with a disturbing secret.", "https://m.media-amazon.com/images/M/MV5BZWQ2OTY0M2UtMTQxNC00MmIzLTllNDQtNDQ0MTQyYzI2M2ZiXkEyXkFqcGc@._V1_SX300.jpg", "M. Night Shyamalan", "M. Night Shyamalan", "Bruce Willis, Haley Joel Osment, Toni Collette", "Nominated for 6 Oscars. 37 wins & 56 nominations total", "$293,506,292", "United States", "English, Latin, Spanish", "86%", "64/100"
"175", "Oppenheimer", "2023", "8.2", "1094839", "Biography,Drama,History", "180", "movie", "https://www.imdb.com/title/tt15398776/", "R", "A dramatization of the life story of J. Robert Oppenheimer, the physicist who had a large hand in the development of the atomic bombs that brought an end to World War II.", "https://m.media-amazon.com/images/M/MV5BN2JkMDc5MGQtZjg3YS00NmFiLWIyZmQtZTJmNTM5MjVmYTQ4XkEyXkFqcGc@._V1_QL75_UX380_CR0,0,380,562_.jpg", "Christopher Nolan", "Christopher Nolan, Kai Bird, Martin Sherwin", "Cillian Murphy, Emily Blunt, Matt Damon", "Won 7 Oscars. 370 wins & 378 nominations total", "$330,078,895", "United States, United Kingdom", "English, German, Italian, Dutch", "93%", "90/100"
"176", "A Beautiful Mind", "2001", "8.2", "1063194", "Biography,Drama,Mystery", "135", "movie", "https://www.imdb.com/title/tt0268978/", "PG-13", "A mathematical genius, John Nash made an astonishing discovery early in his career and stood on the brink of international acclaim. But Nash soon found himself on a harrowing journey of self-discovery.", "https://m.media-amazon.com/images/M/MV5BYjgzNjFkMmItOGJhNi00NWM3LWJlYTUtNDExMGQ3ZTI3NjJkXkEyXkFqcGc@._V1_QL75_UX380_CR0,1,380,562_.jpg", "Ron Howard", "Akiva Goldsman, Sylvia Nasar", "Russell Crowe, Ed Harris, Jennifer Connelly", "Won 4 Oscars. 37 wins & 69 nominations total", "$170,742,341", "United States", "English", "74%", "72/100"
"177", "Taxi Driver", "1976", "8.2", "1040941", "Crime,Drama", "114", "movie", "https://www.imdb.com/title/tt0075314/", "R", "A mentally unstable veteran works as a nighttime taxi driver in New York City, where the perceived decadence and sleaze fuels his urge for violent action.", "https://m.media-amazon.com/images/M/MV5BZDNhMGYwM2UtMTdlZS00MGQ1LWI2YzAtODY5YWI1MjYyNzRmXkEyXkFqcGc@._V1_QL75_UX380_CR0,7,380,562_.jpg", "Martin Scorsese", "Paul Schrader", "Robert De Niro, Jodie Foster, Cybill Shepherd", "Nominated for 4 Oscars. 22 wins & 21 nominations total", "$28,262,574", "United States", "English, Spanish", "89%", "94/100"
"178", "Die Hard", "1988", "8.2", "1039236", "Action,Thriller", "132", "movie", "https://www.imdb.com/title/tt0095016/", "R", "A New York City cop, John McClane, tries to save his estranged wife and several others taken hostage by terrorists during a Christmas Eve party at the Nakatomi Plaza Skyscraper in Los Angeles, California.", "https://m.media-amazon.com/images/M/MV5BMGNlYmM1NmQtYWExMS00NmRjLTg5ZmEtMmYyYzJkMzljYWMxXkEyXkFqcGc@._V1_SX300.jpg", "John McTiernan", "Roderick Thorp, Jeb Stuart, Steven E. de Souza", "Bruce Willis, Alan Rickman, Bonnie Bedelia", "Nominated for 4 Oscars. 8 wins & 8 nominations total", "$85,892,546", "United States", "English, German, Italian, Japanese", "94%", "72/100"
"179", "Snatch", "2000", "8.2", "985029", "Comedy,Crime", "102", "movie", "https://www.imdb.com/title/tt0208092/", "R", "Unscrupulous boxing promoters, violent bookmakers, a Russian gangster, incompetent amateur robbers and supposedly Jewish jewelers fight to track down a priceless stolen diamond.", "https://m.media-amazon.com/images/M/MV5BYzk5NjJkMTQtN2IyNC00YWM5LTlhZmMtNGI3MWNhMTU1YTc4XkEyXkFqcGc@._V1_QL75_UY562_CR2,0,380,562_.jpg", "Guy Ritchie", "Guy Ritchie", "Jason Statham, Brad Pitt, Stephen Graham", "4 wins & 7 nominations total", "$30,328,156", "United Kingdom, United States", "English, Russian", "74%", "55/100"
"180", "Prisoners", "2013", "8.2", "956881", "Crime,Drama,Mystery", "153", "movie", "https://www.imdb.com/title/tt1392214/", "R", "A desperate father takes the law into his own hands after police fail to find two kidnapped girls.", "https://m.media-amazon.com/images/M/MV5BMTg0NTIzMjQ1NV5BMl5BanBnXkFtZTcwNDc3MzM5OQ@@._V1_SX300.jpg", "Denis Villeneuve", "Aaron Guzikowski", "Hugh Jackman, Jake Gyllenhaal, Viola Davis", "Nominated for 1 Oscar. 10 wins & 38 nominations total", "$61,002,302", "United States", "English", "81%", "70/100"
"181", "A Clockwork Orange", "1971", "8.2", "944090", "Crime,Sci-Fi", "136", "movie", "https://www.imdb.com/title/tt0066921/", "R", "Alex DeLarge and his droogs barbarize a decaying near-future.", "https://m.media-amazon.com/images/M/MV5BMTY3MjM1Mzc4N15BMl5BanBnXkFtZTgwODM0NzAxMDE@._V1_SX300.jpg", "Stanley Kubrick", "Stanley Kubrick, Anthony Burgess", "Malcolm McDowell, Patrick Magee, Michael Bates", "Nominated for 4 Oscars. 12 wins & 26 nominations total", "$26,617,553", "United Kingdom, United States", "English", "86%", "77/100"
"182", "Top Gun: Maverick", "2022", "8.2", "903841", "Action,Drama", "130", "movie", "https://www.imdb.com/title/tt1745960/", "PG-13", "The story involves Maverick confronting his past while training a group of younger Top Gun graduates, including the son of his deceased best friend, for a dangerous mission.", "https://m.media-amazon.com/images/M/MV5BMDBkZDNjMWEtOTdmMi00NmExLTg5MmMtNTFlYTJlNWY5YTdmXkEyXkFqcGc@._V1_QL75_UX380_CR0,0,380,562_.jpg", "Joseph Kosinski", "Ehren Kruger, Eric Warren Singer, Christopher McQuarrie", "Tom Cruise, Jennifer Connelly, Miles Teller", "Won 1 Oscar. 114 wins & 237 nominations total", "$721,996,984", "United States", "English", "96%", "78/100"
"183", "Indiana Jones and the Last Crusade", "1989", "8.2", "870967", "Adventure", "127", "movie", "https://www.imdb.com/title/tt0097576/", "PG-13", "In 1938, after his father goes missing while pursuing the Holy Grail, Indiana Jones finds himself up against the Nazis again to stop them from obtaining its powers.", "https://m.media-amazon.com/images/M/MV5BNGIxNzQ0YzYtMjNmYi00YjBlLWFjNzEtNGE3ZGFmYTczM2MwXkEyXkFqcGc@._V1_SX300.jpg", "Steven Spielberg", "Jeffrey Boam, George Lucas, Menno Meyjes", "Harrison Ford, Sean Connery, Alison Doody", "Won 1 Oscar. 9 wins & 24 nominations total", "$197,171,806", "United States, United Kingdom, Spain, Italy, Jordan", "English, German, Greek, Latin, Italian", "84%", "65/100"
"184", "Full Metal Jacket", "1987", "8.2", "858710", "Drama,War", "116", "movie", "https://www.imdb.com/title/tt0093058/", "R", "A pragmatic U.S. Marine observes the dehumanizing effects the Vietnam War has on his fellow recruits from their brutal boot camp training to the bloody street fighting in Hue.", "https://m.media-amazon.com/images/M/MV5BYWUzNzZkNzUtNDdiYy00Nzk5LTgxMmItNTk0MjRjNjdjNDA0XkEyXkFqcGc@._V1_QL75_UX380_CR0,4,380,562_.jpg", "Stanley Kubrick", "Stanley Kubrick, Michael Herr, Gustav Hasford", "Matthew Modine, R. Lee Ermey, Vincent D'Onofrio", "Nominated for 1 Oscar. 8 wins & 15 nominations total", "$46,357,676", "United Kingdom, United States", "English, Vietnamese", "90%", "78/100"
"185", "Amélie", "2001", "8.2", "846571", "Comedy,Romance", "122", "movie", "https://www.imdb.com/title/tt0211915/", "R", "Despite being caught in her imaginative world, young waitress Amelie decides to help people find happiness. Her quest to spread joy leads her on a journey during which she finds true love.", "https://m.media-amazon.com/images/M/MV5BOTNmYzY0MWQtZGZmNy00Y2Y4LWFmMDQtMTZjYTdiYzEwZGQ2XkEyXkFqcGc@._V1_QL75_UX380_CR0,4,380,562_.jpg", "Jean-Pierre Jeunet", "Guillaume Laurant, Jean-Pierre Jeunet", "Audrey Tautou, Mathieu Kassovitz, Rufus", "Nominated for 5 Oscars. 60 wins & 74 nominations total", "$33,712,444", "France, Germany", "French, Russian, English", "90%", "70/100"
"186", "1917", "2019", "8.2", "785150", "Drama,War", "119", "movie", "https://www.imdb.com/title/tt8579674/", "R", "April 6th, 1917. As an infantry battalion assembles to wage war deep in enemy territory, two soldiers are assigned to race against time and deliver a message that will stop 1,600 men from walking straight into a deadly trap.", "https://m.media-amazon.com/images/M/MV5BYzkxZjg2NDQtMGVjMy00NWZkLTk0ZDEtZWE3NDYwYjAyMTg1XkEyXkFqcGc@._V1_QL75_UX380_CR0,20,380,562_.jpg", "Sam Mendes", "Sam Mendes, Krysty Wilson-Cairns", "Dean-Charles Chapman, George MacKay, Daniel Mays", "Won 3 Oscars. 137 wins & 202 nominations total", "$159,227,644", "United Kingdom, United States, India, Spain", "English, French, German", "88%", "78/100"
"187", "Pan's Labyrinth", "2006", "8.2", "752602", "Drama,Fantasy,War", "118", "movie", "https://www.imdb.com/title/tt0457430/", "R", "In 1944 Francoist Spain, an imaginative young girl meets a faun who tells her she's a princess and that she must prove her worthiness by completing three dangerous tasks.", "https://m.media-amazon.com/images/M/MV5BOTc1NTAxMWItMWFlNy00MmU2LTkwMTMtNzMwOTg5OTQ5YTFiXkEyXkFqcGc@._V1_QL75_UX380_CR0,2,380,562_.jpg", "Guillermo del Toro", "Guillermo del Toro", "Ivana Baquero, Ariadna Gil, Sergi López", "Won 3 Oscars. 109 wins & 115 nominations total", "$37,646,380", "Mexico, Spain", "Spanish", "95%", "98/100"
"188", "There Will Be Blood", "2007", "8.2", "718358", "Drama", "158", "movie", "https://www.imdb.com/title/tt0469494/", "R", "A story of family, religion, hatred, oil and madness, focusing on a turn-of-the-century prospector in the early days of the business.", "https://m.media-amazon.com/images/M/MV5BMjAxODQ4MDU5NV5BMl5BanBnXkFtZTcwMDU4MjU1MQ@@._V1_SX300.jpg", "Paul Thomas Anderson", "Paul Thomas Anderson, Upton Sinclair", "Daniel Day-Lewis, Paul Dano, Ciarán Hinds", "Won 2 Oscars. 114 wins & 138 nominations total", "$40,222,514", "United States", "English, American Sign ", "91%", "93/100"
"189", "Green Book", "2018", "8.2", "702667", "Biography,Comedy,Drama", "130", "movie", "https://www.imdb.com/title/tt6966692/", "PG-13", "A working-class Italian-American bouncer becomes the driver for an African-American classical pianist on a tour of venues through the 1960s American South.", "https://m.media-amazon.com/images/M/MV5BNDU5YTNmMmItN2QxNy00OGQ0LTg5MTctNzFmYjEzZjcwN2UwXkEyXkFqcGc@._V1_QL75_UX380_CR0,4,380,562_.jpg", "Peter Farrelly", "Nick Vallelonga, Brian Hayes Currie, Peter Farrelly", "Viggo Mortensen, Mahershala Ali, Linda Cardellini", "Won 3 Oscars. 58 wins & 125 nominations total", "$85,080,171", "United States, China, Japan", "English, Italian, Russian, German", "77%", "69/100"
"190", "L.A. Confidential", "1997", "8.2", "663383", "Crime,Drama,Mystery", "138", "movie", "https://www.imdb.com/title/tt0119488/", "R", "As corruption grows in 1950s Los Angeles, three policemen - one strait-laced, one brutal, and one sleazy - investigate a series of murders with their own brand of justice.", "https://m.media-amazon.com/images/M/MV5BODdiMjY1OGYtNDk0NC00NGQ1LWI4MDItOTJhMTM0YjE1YTAzXkEyXkFqcGc@._V1_SX300.jpg", "Curtis Hanson", "James Ellroy, Brian Helgeland, Curtis Hanson", "Kevin Spacey, Russell Crowe, Guy Pearce", "Won 2 Oscars. 91 wins & 86 nominations total", "$64,616,940", "United States", "English", "99%", "91/100"
"191", "Casino", "1995", "8.2", "627541", "Crime,Drama", "178", "movie", "https://www.imdb.com/title/tt0112641/", "R", "In Las Vegas, two best friends--a casino executive and a Mafia enforcer--compete for a gambling empire and a fast-living, fast-loving socialite.", "https://m.media-amazon.com/images/M/MV5BMDRlZWZjZjYtYzY2NS00ZWVjLTkwYzAtZTA2ZDAzMGRiYmYwXkEyXkFqcGc@._V1_SX300.jpg", "Martin Scorsese", "Nicholas Pileggi, Martin Scorsese", "Robert De Niro, Sharon Stone, Joe Pesci", "Nominated for 1 Oscar. 4 wins & 11 nominations total", "$42,512,375", "United States, France", "English", "79%", "73/100"
"192", "Project Hail Mary", "2026", "8.2", "535721", "Adventure,Comedy,Drama", "156", "movie", "https://www.imdb.com/title/tt12042730/", "PG-13", "A science teacher wakes up alone on a spaceship. As his memory returns, he uncovers a mission to stop a mysterious substance killing Earth's sun, and realizes that an unexpected friendship may be the key.", "https://m.media-amazon.com/images/M/MV5BNTkwNzJiYTctNzI3NC00NjE1LTlhYjktY2Q5MTdmMWFmNzcxXkEyXkFqcGc@._V1_QL75_UX380_CR0,0,380,562_.jpg", "Phil Lord, Christopher Miller", "Drew Goddard, Andy Weir", "Ryan Gosling, Sandra Hüller, James Ortiz", "7 wins & 11 nominations total", "$344,050,007", "United States", "English", "95%", "77/100"
"193", "The Thing", "1982", "8.2", "534476", "Horror,Mystery,Sci-Fi", "109", "movie", "https://www.imdb.com/title/tt0084787/", "R", "A research team in Antarctica is hunted by a shape-shifting alien that assumes the appearance of its victims.", "https://m.media-amazon.com/images/M/MV5BYTA3NDU5MWEtNTk4Yy00ZDNkLThmZTQtMjU3ZGVhYzAyMzU4XkEyXkFqcGc@._V1_SX300.jpg", "John Carpenter", "Bill Lancaster, John W. Campbell Jr.", "Kurt Russell, Wilford Brimley, Keith David", "1 win & 5 nominations total", "$20,063,820", "United States", "English, Norwegian", "85%", "57/100"
"194", "Howl's Moving Castle", "2004", "8.2", "521038", "Adventure,Animation,Family", "119", "movie", "https://www.imdb.com/title/tt0347149/", "PG", "When an unconfident young woman is cursed with an old body by a spiteful witch, her only chance of breaking the spell lies with a self-indulgent yet insecure young wizard and his companions in his legged, walking castle.", "https://m.media-amazon.com/images/M/MV5BMTY1OTg0MjE3MV5BMl5BanBnXkFtZTcwNTUxMTkyMQ@@._V1_SX300.jpg", "Hayao Miyazaki", "Diana Wynne Jones, Hayao Miyazaki", "Chieko Baishô, Takuya Kimura, Tatsuya Gashûin", "Nominated for 1 Oscar. 14 wins & 20 nominations total", "$10,352,604", "Japan, United States", "Japanese", "88%", "82/100"
"195", "Citizen Kane", "1941", "8.2", "496401", "Drama,Mystery", "119", "movie", "https://www.imdb.com/title/tt0033467/", "PG", "Following the death of publishing tycoon Charles Foster Kane, reporters scramble to uncover the meaning of his final utterance: 'Rosebud.'", "https://m.media-amazon.com/images/M/MV5BYjk1ZDJlMmUtOWQ0Zi00MDM5LTk1OGYtODczNjFmMGYwZGVkXkEyXkFqcGc@._V1_SX300.jpg", "Orson Welles", "Herman J. Mankiewicz, Orson Welles, Roger Q. Denny", "Orson Welles, Joseph Cotten, Dorothy Comingore", "Won 1 Oscar. 16 wins & 13 nominations total", "$1,627,530", "United States", "English, Italian", "99%", "100/100"
"196", "Unforgiven", "1992", "8.2", "472457", "Drama,Western", "130", "movie", "https://www.imdb.com/title/tt0105695/", "R", "Retired Old West gunslinger Will Munny reluctantly takes on one last job to avenge an injustice with the help of his old partner and a young would-be gunman calling himself "The Schofield Kid".", "https://m.media-amazon.com/images/M/MV5BNmZmMzM3YWMtZjg5Yi00M2MxLTg3ZGItNGU4YjQxNDAxM2Q4XkEyXkFqcGc@._V1_SX300.jpg", "Clint Eastwood", "David Webb Peoples", "Clint Eastwood, Gene Hackman, Morgan Freeman", "Won 4 Oscars. 52 wins & 47 nominations total", "$101,167,799", "United States", "English", "96%", "85/100"
"197", "Vertigo", "1958", "8.2", "462522", "Mystery,Romance,Thriller", "128", "movie", "https://www.imdb.com/title/tt0052357/", "PG", "A former San Francisco police detective juggles wrestling with his personal demons and becoming obsessed with the hauntingly beautiful woman he has been hired to trail, who may be deeply disturbed.", "https://m.media-amazon.com/images/M/MV5BNzEyZTUxMWItMGVhYy00Y2NlLTljYTMtYzBmMzI1YmUyMDBkXkEyXkFqcGc@._V1_QL75_UX380_CR0,13,380,562_.jpg", "Alfred Hitchcock", "Alec Coppel, Samuel A. Taylor, Pierre Boileau", "James Stewart, Kim Novak, Barbara Bel Geddes", "Nominated for 2 Oscars. 9 wins & 8 nominations total", "$7,863,310", "United States", "English", "94%", "100/100"
"198", "Downfall", "2004", "8.2", "403711", "Biography,Drama,History", "156", "movie", "https://www.imdb.com/title/tt0363163/", "R", "Traudl Junge, the final secretary for Adolf Hitler, tells of the Nazi dictator's final days in his Berlin bunker at the end of WWII.", "https://m.media-amazon.com/images/M/MV5BMTU0NTU5NTAyMl5BMl5BanBnXkFtZTYwNzYwMDg2._V1_SX300.jpg", "Oliver Hirschbiegel", "Bernd Eichinger, Joachim Fest, Traudl Junge", "Bruno Ganz, Alexandra Maria Lara, Ulrich Matthes", "Nominated for 1 Oscar. 22 wins & 34 nominations total", "$5,509,040", "Germany, Austria, Italy", "German, Russian, French, Hungarian, English", "90%", "82/100"
"199", "North by Northwest", "1959", "8.2", "371443", "Adventure,Drama,Mystery", "136", "movie", "https://www.imdb.com/title/tt0053125/", "Approved", "A New York City advertising executive goes on the run after being mistaken for a government agent by a group of foreign spies, and falls for a woman whose loyalties he begins to doubt.", "https://m.media-amazon.com/images/M/MV5BZWIzODI2OGItMzM0Ny00OGRmLTlkNmItMDQxMTFmMTk3YmQwXkEyXkFqcGc@._V1_QL75_UX380_CR0,5,380,562_.jpg", "Alfred Hitchcock", "Ernest Lehman", "Cary Grant, Eva Marie Saint, James Mason", "Nominated for 3 Oscars. 9 wins & 7 nominations total", "$66,728", "United States", "English, French", "97%", "98/100"
"200", "Gone with the Wind", "1939", "8.2", "358478", "Drama,Romance,War", "238", "movie", "https://www.imdb.com/title/tt0031381/", "G", "A sheltered and manipulative Southern belle and a roguish profiteer face off in a turbulent romance as the society around them crumbles with the end of slavery and is rebuilt during the Civil War and Reconstruction periods.", "https://m.media-amazon.com/images/M/MV5BYmYxZTE3YzMtYmE2Yy00NmFlLTkzYTAtYTAzN2IzNDFkN2E0XkEyXkFqcGc@._V1_SX300.jpg", "Victor Fleming", "Margaret Mitchell, Sidney Howard, Oliver H.P. Garrett", "Clark Gable, Vivien Leigh, Thomas Mitchell", "Won 8 Oscars. 26 wins & 10 nominations total", "$200,882,193", "United States", "English", "90%", "97/100"
"201", "To Kill a Mockingbird", "1962", "8.2", "353093", "Crime,Drama", "129", "movie", "https://www.imdb.com/title/tt0056592/", "Approved", "A widowed lawyer in Depression-era Alabama defends a black man against a false rape charge while teaching his young children about the sad reality of prejudice.", "https://m.media-amazon.com/images/M/MV5BZTlkYWU4MGEtZmQyYi00OWEzLTgzY2EtYzVjOTEzYzAyNTk1XkEyXkFqcGc@._V1_SX300.jpg", "Robert Mulligan", "Harper Lee, Horton Foote", "Gregory Peck, John Megna, Frank Overton", "Won 3 Oscars. 14 wins & 16 nominations total", "$592,237", "United States", "English", "93%", "88/100"
"202", "Some Like It Hot", "1959", "8.2", "307200", "Comedy,Music,Romance", "121", "movie", "https://www.imdb.com/title/tt0053291/", "Approved", "After two male musicians witness a mob hit, they flee the state in an all-female band disguised as women, but further complications set in.", "https://m.media-amazon.com/images/M/MV5BZTllZDYyNjEtY2RmMS00NmJhLWI4ODAtMTQ0NWFiZTJhZjA0XkEyXkFqcGc@._V1_QL75_UX380_CR0,13,380,562_.jpg", "Billy Wilder", "Billy Wilder, I.A.L. Diamond, Robert Thoeren", "Marilyn Monroe, Tony Curtis, Jack Lemmon", "Won 1 Oscar. 11 wins & 13 nominations total", "", "United States", "English, French", "95%", "98/100"
"203", "The Sting", "1973", "8.2", "305514", "Comedy,Crime,Drama", "129", "movie", "https://www.imdb.com/title/tt0070735/", "PG", "Two grifters team up to pull off the ultimate con.", "https://m.media-amazon.com/images/M/MV5BZGI4OTk4MDMtYmQ1Ni00YTUzLTkyYTktZGUwMjMyN2M4NjQ5XkEyXkFqcGc@._V1_SX300.jpg", "George Roy Hill", "David S. Ward", "Paul Newman, Robert Redford, Robert Shaw", "Won 7 Oscars. 18 wins & 6 nominations total", "$156,000,000", "United States", "English", "93%", "83/100"
"204", "For a Few Dollars More", "1965", "8.2", "303806", "Drama,Western", "132", "movie", "https://www.imdb.com/title/tt0059578/", "R", "Two bounty killers with similar intentions but different motivations team up to take down a psychotic Mexican outlaw before he and his gang can carry out an audacious bank robbery.", "https://m.media-amazon.com/images/M/MV5BNTRmOTcyYmYtMTIwNi00ZGYyLTk4YjYtZGJlZTgwZGY0NGQyXkEyXkFqcGc@._V1_QL75_UX380_CR0,7,380,562_.jpg", "Sergio Leone", "Sergio Leone, Fulvio Morsella, Luciano Vincenzoni", "Clint Eastwood, Lee Van Cleef, Gian Maria Volontè", "3 nominations total", "$15,000,000", "Italy, Spain, West Germany", "English, Italian", "92%", "74/100"
"205", "The Elephant Man", "1980", "8.2", "284197", "Biography,Drama", "124", "movie", "https://www.imdb.com/title/tt0080678/", "PG", "A Victorian surgeon rescues a heavily-disfigured and mistreated young man working as a sideshow freak, who gradually reveals his capacity for kindness, intelligence and sophistication.", "https://m.media-amazon.com/images/M/MV5BMGE3MDZhNmMtMmUxZS00MDJmLTgxYmQtOGU4ODU0Y2JmNDI1XkEyXkFqcGc@._V1_SX300.jpg", "David Lynch", "Christopher De Vore, Eric Bergren, David Lynch", "Anthony Hopkins, John Hurt, Anne Bancroft", "Nominated for 8 Oscars. 11 wins & 22 nominations total", "$26,010,864", "United States, United Kingdom", "English, French", "91%", "78/100"
"206", "The Great Escape", "1963", "8.2", "279850", "Adventure,Drama,Thriller", "172", "movie", "https://www.imdb.com/title/tt0057115/", "Approved", "Allied officers in a German prisoner of war camp during World War II make a daring plan for a mass escape by hundreds of POWs hoping to draw German personnel and resources away from combat operations.", "https://m.media-amazon.com/images/M/MV5BMDRhNmJjMzEtMWU5MC00YmEyLTg3ZmYtNzYxZTI1ZGU4ZjI1XkEyXkFqcGc@._V1_SX300.jpg", "John Sturges", "Paul Brickhill, James Clavell, W.R. Burnett", "Steve McQueen, James Garner, Richard Attenborough", "Nominated for 1 Oscar. 3 wins & 12 nominations total", "", "United States", "English, German, French, Russian, Spanish", "94%", "86/100"
"207", "The Father", "2020", "8.2", "249447", "Drama,Mystery", "97", "movie", "https://www.imdb.com/title/tt10272386/", "PG-13", "A man refuses all assistance from his daughter as he ages. When he tries to understand what is happening around him, he begins to doubt his loved ones, his own mind and even the fabric of his reality.", "https://m.media-amazon.com/images/M/MV5BYzUxMDAyMDAtNzIyZi00OGQ1LTllMjEtYzRjOThkZTUxNTliXkEyXkFqcGc@._V1_SX300.jpg", "Florian Zeller", "Christopher Hampton, Florian Zeller", "Anthony Hopkins, Olivia Colman, Mark Gatiss", "Won 2 Oscars. 39 wins & 171 nominations total", "$2,122,771", "United Kingdom, France, United States", "English", "98%", "88/100"
"208", "The Secret in Their Eyes", "2009", "8.2", "245147", "Drama,Mystery,Romance", "129", "movie", "https://www.imdb.com/title/tt1305806/", "R", "A retired legal counselor writes a novel hoping to find closure for one of his past unresolved homicide cases and for his unreciprocated love with his superior--both of which still haunt him decades later.", "https://m.media-amazon.com/images/M/MV5BMTgwNTI3OTczOV5BMl5BanBnXkFtZTcwMTM3MTUyMw@@._V1_SX300.jpg", "Juan José Campanella", "Eduardo Sacheri, Juan José Campanella", "Ricardo Darín, Soledad Villamil, Pablo Rago", "Won 1 Oscar. 53 wins & 43 nominations total", "$6,391,436", "Argentina, Spain", "Spanish", "89%", "80/100"
"209", "Klaus", "2019", "8.2", "242130", "Adventure,Animation,Comedy", "96", "movie", "https://www.imdb.com/title/tt4729430/", "PG", "A simple act of kindness always sparks another, even in a frozen, faraway place. When Smeerensburg's new postman, Jesper, befriends toymaker Klaus, their gifts melt an age-old feud and deliver a sleigh full of holiday traditions.", "https://m.media-amazon.com/images/M/MV5BZDA4ODhlMzctNGRmYi00NmViLTkxZGYtZjRkNGQ5YzYwYWVlXkEyXkFqcGc@._V1_SX300.jpg", "Sergio Pablos, Carlos Martínez López", "Sergio Pablos, Jim Mahoney, Zach Lewis", "Jason Schwartzman, J.K. Simmons, Rashida Jones", "Nominated for 1 Oscar. 11 wins & 26 nominations total", "", "Spain, United Kingdom, United States, Austria, Canada, France", "English, Saami", "95%", "65/100"
"210", "Metropolis", "1927", "8.2", "202960", "Drama,Sci-Fi", "150", "movie", "https://www.imdb.com/title/tt0017136/", "Passed", "In a futuristic city sharply divided between the working class and the city planners, the son of the city's mastermind falls in love with a working-class prophet who predicts the coming of a savior to mediate their differences.", "https://m.media-amazon.com/images/M/MV5BMjhjMGYyMjAtMzJkYy00NzhlLWIwY2MtMWQ2ODIxZDUyOGYyXkEyXkFqcGc@._V1_SX300.jpg", "Fritz Lang", "Thea von Harbou, Fritz Lang", "Brigitte Helm, Alfred Abel, Gustav Fröhlich", "7 wins & 6 nominations total", "$1,236,166", "Germany", "German, None", "97%", "98/100"
"211", "Bicycle Thieves", "1948", "8.2", "193178", "Drama", "89", "movie", "https://www.imdb.com/title/tt0040522/", "Not Rated", "In post-war Italy, a working-class man's bicycle is stolen, endangering his efforts to find work. He and his son set out to find it.", "https://m.media-amazon.com/images/M/MV5BMjIzMzAyMzg1Nl5BMl5BanBnXkFtZTgwMzMyNzk0MTE@._V1_SX300.jpg", "Vittorio De Sica", "Cesare Zavattini, Luigi Bartolini, Oreste Biancoli", "Lamberto Maggiorani, Enzo Staiola, Lianella Carell", "Nominated for 1 Oscar. 18 wins & 1 nomination total", "$371,111", "Italy", "Italian, German", "99%", ""
"212", "K.G.F: Chapter 2", "2022", "8.2", "172629", "Action,Crime,Drama", "166", "movie", "https://www.imdb.com/title/tt10698680/", "Not Rated", "In the blood-soaked Kolar Gold Fields, Rocky's name strikes fear into his foes, while the government sees him as a threat to law and order. Rocky must battle threats from all sides for unchallenged supremacy.", "https://m.media-amazon.com/images/M/MV5BZmQzZjVkZTUtYjI4ZC00ZDJmLWI0ZDUtZTFmMGM1Mzc5ZjIyXkEyXkFqcGc@._V1_SX300.jpg", "Prashanth Neel", "Prashanth Neel", "Yash, Sanjay Dutt, Raveena Tandon", "8 wins & 13 nominations total", "$2,874,000", "India", "Kannada", "50%", ""
"213", "Ran", "1985", "8.2", "154403", "Action,Drama,War", "160", "movie", "https://www.imdb.com/title/tt0089881/", "R", "In Medieval Japan, an elderly warlord retires, handing over his empire to his three sons. However, he vastly underestimates how the new-found power will corrupt them and cause them to turn on each other...and him.", "https://m.media-amazon.com/images/M/MV5BZDk2NDY5YjktMjEyMC00OTJhLTkzM2EtY2Q4Y2RjYzc2Yjk4XkEyXkFqcGc@._V1_SX300.jpg", "Akira Kurosawa", "Akira Kurosawa, Hideo Oguni, Masato Ide", "Tatsuya Nakadai, Akira Terao, Jinpachi Nezu", "Won 1 Oscar. 30 wins & 23 nominations total", "$4,314,927", "Japan, France", "Japanese", "96%", "97/100"
"214", "All About Eve", "1950", "8.2", "150487", "Drama", "138", "movie", "https://www.imdb.com/title/tt0042192/", "Approved", "A seemingly timid but secretly ruthless ingénue insinuates herself into the lives of an aging Broadway star and her circle of theater friends.", "https://m.media-amazon.com/images/M/MV5BMTY2MTAzODI5NV5BMl5BanBnXkFtZTgwMjM4NzQ0MjE@._V1_SX300.jpg", "Joseph L. Mankiewicz", "Joseph L. Mankiewicz, Mary Orr", "Bette Davis, Anne Baxter, George Sanders", "Won 6 Oscars. 27 wins & 22 nominations total", "$63,463", "United States", "English, French", "99%", "98/100"
"215", "Dhurandhar", "2025", "8.2", "150378", "Action,Crime,Thriller", "214", "movie", "https://www.imdb.com/title/tt33014583/", "R", "A mysterious traveler slips into the heart of Karachi's underbelly and rises through its ranks with lethal precision, only to tear the notorious ISI-Underworld nexus apart from within.", "https://m.media-amazon.com/images/M/MV5BMzFiNTVkZjYtM2I3Yi00MGNjLWEyYTAtMGViNGExZmMzMGMzXkEyXkFqcGc@._V1_QL75_UY562_CR35,0,380,562_.jpg", "Aditya Dhar", "Aditya Dhar, Ojas Gautam, Shivkumar V. Panicker", "Ranveer Singh, Akshaye Khanna, Sanjay Dutt", "46 wins & 35 nominations total", "$19,702,994", "India", "Hindi", "", ""
"216", "A Silent Voice: The Movie", "2016", "8.2", "149434", "Animation,Drama", "130", "movie", "https://www.imdb.com/title/tt5323662/", "Not Rated", "A deaf girl, Shoko, is bullied by the popular Shoya. As Shoya continues to bully Shoko, the class turns its back on him. Shoko transfers and Shoya grows up as an outcast. Alone and depressed, the regretful Shoya finds Shoko to mak...", "https://m.media-amazon.com/images/M/MV5BOTFiNzRiOWEtYTQwNy00NmRiLWE0ZWYtNTE0YjExZjFmZjkwXkEyXkFqcGc@._V1_SX300.jpg", "Naoko Yamada", "Yoshitoki Ôima, Reiko Yoshida", "Miyu Irino, Saori Hayami, Aoi Yûki", "6 wins & 9 nominations total", "$1,079,689", "Japan", "Japanese, Japanese Sign , English", "", "78/100"
"217", "The Kid", "1921", "8.2", "146987", "Comedy,Drama,Family", "68", "movie", "https://www.imdb.com/title/tt0012349/", "Passed", "The Tramp cares for an abandoned child, but events put their relationship in jeopardy.", "https://m.media-amazon.com/images/M/MV5BZGVmZGM0YTUtOTA1ZC00ZDE4LWE4ZDUtMjAxOTk5YjkwN2Q2XkEyXkFqcGc@._V1_SX300.jpg", "Charles Chaplin", "Charles Chaplin", "Charles Chaplin, Edna Purviance, Jackie Coogan", "2 wins total", "", "United States", "None, English", "100%", ""
"218", "Yojimbo", "1961", "8.2", "144574", "Action,Drama,Thriller", "110", "movie", "https://www.imdb.com/title/tt0055630/", "Not Rated", "A crafty ronin comes to a town divided by two criminal gangs and decides to play them against each other to free the town.", "https://m.media-amazon.com/images/M/MV5BYzFkODA1N2QtY2UyMC00NTMwLWEyNzctMmE3YjIzNzE1MzY4XkEyXkFqcGc@._V1_SX300.jpg", "Akira Kurosawa", "Akira Kurosawa, Ryûzô Kikushima", "Toshirô Mifune, Eijirô Tôno, Tatsuya Nakadai", "Nominated for 1 Oscar. 5 wins & 2 nominations total", "$46,808", "Japan", "Japanese", "96%", "93/100"
"219", "The Treasure of the Sierra Madre", "1948", "8.2", "142613", "Adventure,Drama,Western", "126", "movie", "https://www.imdb.com/title/tt0040897/", "Approved", "Two down-on-their-luck Americans searching for work in 1920s Mexico convince an old prospector to help them mine for gold in the Sierra Madre Mountains.", "https://m.media-amazon.com/images/M/MV5BOWM1YjFmODEtMWNhMC00YmI1LWI0Y2EtYzg0YTBhZWI4ODE3XkEyXkFqcGc@._V1_SX300.jpg", "John Huston", "John Huston, Bruno Traven", "Humphrey Bogart, Walter Huston, Tim Holt", "Won 3 Oscars. 18 wins & 5 nominations total", "$5,014,000", "United States", "English, Spanish", "100%", "98/100"
"220", "Baahubali 2: The Conclusion", "2017", "8.2", "136522", "Action,Drama", "167", "movie", "https://www.imdb.com/title/tt4849438/", "Not Rated", "Amarendra Baahubali, the heir apparent to the throne of Mahishmati, finds his life and relationships endangered as his adoptive brother Bhallaladeva conspires to claim the throne.", "https://m.media-amazon.com/images/M/MV5BNTRhYTlhZTgtYmMyYy00NWI4LTk4MzItOWM2YjBmYTg2OTI2XkEyXkFqcGc@._V1_SX300.jpg", "S.S. Rajamouli", "Vijayendra Prasad, S.S. Rajamouli, C.H. Vijay Kumar", "Prabhas, Rana Daggubati, Anushka Shetty", "29 wins & 16 nominations total", "$20,186,659", "India", "Telugu, Tamil", "88%", ""
"221", "Andhadhun", "2018", "8.2", "118070", "Comedy,Crime,Mystery", "139", "movie", "https://www.imdb.com/title/tt8108198/", "Not Rated", "A series of mysterious events change the life of a blind pianist, who must now report a crime that he should technically know nothing of.", "https://m.media-amazon.com/images/M/MV5BMjZiYTNkNjUtNzI3MC00YWJmLTljM2QtNTI3MTU3ODYzNWFjXkEyXkFqcGc@._V1_SX300.jpg", "Sriram Raghavan", "Arijit Biswas, Yogesh Chandekar, Sriram Raghavan", "Ayushmann Khurrana, Tabu, Radhika Apte", "35 wins & 43 nominations total", "$1,193,046", "India", "Hindi, English", "100%", ""
"222", "Gangs of Wasseypur", "2012", "8.2", "115542", "Action,Comedy,Crime", "321", "movie", "https://www.imdb.com/title/tt1954470/", "Not Rated", "A clash between Sultan and Shahid Khan leads to the expulsion of Khan from Wasseypur, and ignites a deadly blood feud spanning three generations.", "https://m.media-amazon.com/images/M/MV5BMTc5NjY4MjUwNF5BMl5BanBnXkFtZTgwODM3NzM5MzE@._V1_SX300.jpg", "Anurag Kashyap", "Akhilesh Jaiswal, Anurag Kashyap, Sachin K. Ladia", "Manoj Bajpayee, Nawazuddin Siddiqui, Tigmanshu Dhulia", "18 wins & 65 nominations total", "", "India, France", "Hindi", "91%", "89/100"
"223", "Drishyam", "2015", "8.2", "110708", "Crime,Drama,Mystery", "163", "movie", "https://www.imdb.com/title/tt4430212/", "Not Rated", "Desperate measures are taken by a man who tries to save his family from the dark side of the law, after they commit an unexpected crime.", "https://m.media-amazon.com/images/M/MV5BMDRlZWFkMjEtYmYyZi00MmE5LWIzMzUtYmM2N2M5Y2UxZDJjXkEyXkFqcGc@._V1_SX300.jpg", "Nishikant Kamat", "Jeethu Joseph, Upendra Sidhaye", "Ajay Devgn, Shriya Saran, Tabu", "2 wins & 8 nominations total", "", "India", "Hindi, English", "75%", ""
"224", "Swades", "2004", "8.2", "107218", "Drama,Musical", "189", "movie", "https://www.imdb.com/title/tt0367110/", "Not Rated", "A successful Indian scientist returns to an Indian village to take his nanny to America with him and in the process rediscovers his roots.", "https://m.media-amazon.com/images/M/MV5BZWJlNmQ2NmQtM2U3Yi00MTZjLWI1YzktY2I2MmExMzgwNmE3XkEyXkFqcGc@._V1_SX300.jpg", "Ashutosh Gowariker", "M.G. Sathya, Ashutosh Gowariker, Sameer Sharma", "Shah Rukh Khan, Gayatri Joshi, Kishori Ballal", "18 wins & 26 nominations total", "$1,223,240", "India, United States", "Hindi, English", "90%", ""
"225", "Demon Slayer: Kimetsu no Yaiba - The Movie: Mugen Train", "2020", "8.2", "103159", "Action,Adventure,Animation", "117", "movie", "https://www.imdb.com/title/tt11032374/", "R", "After his family was brutally murdered and his sister turned into a demon, Tanjiro Kamado's journey as a demon slayer began. Tanjiro and his comrades embark on a new mission aboard the Mugen Train, on track to despair.", "https://m.media-amazon.com/images/M/MV5BNzEzYjhkYTctMWNmZS00MTc5LWI4OWUtZjFkNzNkYTNkMTJlXkEyXkFqcGc@._V1_SX300.jpg", "Haruo Sotozaki", "Koyoharu Gotouge", "Natsuki Hanae, Akari Kitô, Yoshitsugu Matsuoka", "6 wins & 6 nominations total", "$49,888,550", "Japan", "Japanese", "", "72/100"
"226", "My Father and My Son", "2005", "8.2", "102134", "Drama", "112", "movie", "https://www.imdb.com/title/tt0476735/", "Not Rated", "The family of a left-wing journalist is torn apart after the military coup of Turkey in 1980.", "https://m.media-amazon.com/images/M/MV5BZDE3MTBkNmQtNGFjMC00YTcwLWExY2ItN2MyMGZkNWJlMmFmXkEyXkFqcGc@._V1_SX300.jpg", "Çagan Irmak", "Çagan Irmak", "Çetin Tekindor, Fikret Kuskan, Hümeyra", "14 wins & 7 nominations total", "", "Turkey", "Turkish", "", ""
"227", "Munna Bhai M.B.B.S.", "2003", "8.2", "99567", "Comedy,Drama", "156", "movie", "https://www.imdb.com/title/tt0374887/", "Not Rated", "A gangster sets out to fulfill his father's dream of becoming a doctor.", "https://m.media-amazon.com/images/M/MV5BMDE3ZDYzZDctOWJiYS00MTE5LTk0NzgtOThhZTRmZDQ2ZmFjXkEyXkFqcGc@._V1_SX300.jpg", "Rajkumar Hirani", "Vidhu Vinod Chopra, Rajkumar Hirani, Lajan Joseph", "Sanjay Dutt, Arshad Warsi, Gracy Singh", "25 wins & 35 nominations total", "$48,772", "India", "Hindi", "", ""
"228", "Zindagi Na Milegi Dobara", "2011", "8.2", "97362", "Adventure,Comedy,Drama", "155", "movie", "https://www.imdb.com/title/tt1562872/", "Not Rated", "Three friends decide to turn their fantasy vacation into reality after one of their friends gets engaged.", "https://m.media-amazon.com/images/M/MV5BOGIzYzg5NzItNDRkYS00NmIzLTk3NzQtZWYwY2VlZDhiYWQ4XkEyXkFqcGc@._V1_SX300.jpg", "Zoya Akhtar", "Farhan Akhtar, Reema Kagti, Zoya Akhtar", "Hrithik Roshan, Farhan Akhtar, Abhay Deol", "35 wins & 38 nominations total", "$3,108,485", "India", "Hindi", "89%", ""
"229", "Children of Heaven", "1997", "8.2", "91225", "Drama,Family,Sport", "89", "movie", "https://www.imdb.com/title/tt0118849/", "PG", "After a boy loses his sister's pair of shoes, he goes on a series of adventures in order to find them. When he can't, he tries a new way to "win" a new pair.", "https://m.media-amazon.com/images/M/MV5BZWZlMjNhNzgtZGRhOS00Y2U5LThjOTctODNjZTI0ZTBiYzBhXkEyXkFqcGc@._V1_SX300.jpg", "Majid Majidi", "Majid Majidi", "Reza Naji, Amir Farrokh Hashemian, Bahare Seddiqi", "Nominated for 1 Oscar. 18 wins & 5 nominations total", "$933,933", "Iran", "Persian", "83%", "77/100"
"230", "Uri: The Surgical Strike", "2019", "8.2", "85430", "Action,Drama,History", "138", "movie", "https://www.imdb.com/title/tt8291224/", "Not Rated", "Indian army special forces execute a covert operation, avenging the killing of fellow army men at their base by a terrorist group.", "https://m.media-amazon.com/images/M/MV5BYTgyMTlkZTgtMTMxYi00Mjk5LTg2NTMtNGYyMDVlZWM0NmZjXkEyXkFqcGc@._V1_SX300.jpg", "Aditya Dhar", "Aditya Dhar", "Vicky Kaushal, Paresh Rawal, Mohit Raina", "20 wins & 27 nominations total", "$4,186,168", "India", "Hindi", "57%", ""
"231", "Inside Job", "2010", "8.2", "82859", "Crime,Documentary", "109", "movie", "https://www.imdb.com/title/tt1645089/", "PG-13", "Takes a closer look at what brought about the 2008 financial meltdown.", "https://m.media-amazon.com/images/M/MV5BMTQ3MjkyODA2Nl5BMl5BanBnXkFtZTcwNzQxMTU4Mw@@._V1_SX300.jpg", "Charles Ferguson", "Charles Ferguson, Chad Beck, Adam Bolt", "Matt Damon, Gylfi Zoega, Andri Snær Magnason", "Won 1 Oscar. 8 wins & 27 nominations total", "$4,312,735", "United States", "English", "98%", "88/100"
"232", "Hera Pheri", "2000", "8.2", "81888", "Action,Comedy,Crime", "156", "movie", "https://www.imdb.com/title/tt0242519/", "Not Rated", "Two tenants and a landlord look for answers to all their money problems - but when their opportunity arrives, will they know what to do with it?", "https://m.media-amazon.com/images/M/MV5BNDZmMGEwMjQtNjFlNi00ZGIxLTlkZjItNmU3Mzg4Y2E0ZjUzXkEyXkFqcGc@._V1_SX300.jpg", "Priyadarshan", "Siddique, Lal, Neeraj Vora", "Akshay Kumar, Suniel Shetty, Paresh Rawal", "8 wins & 6 nominations total", "", "India", "Hindi", "", ""
"233", "Bhaag Milkha Bhaag", "2013", "8.2", "79925", "Biography,Drama,Sport", "186", "movie", "https://www.imdb.com/title/tt2356180/", "Not Rated", "The truth behind the ascension of Milkha Singh, who was scarred by of the India-Pakistan partition.", "https://m.media-amazon.com/images/M/MV5BMTY1Nzg4MjcwN15BMl5BanBnXkFtZTcwOTc1NTk1OQ@@._V1_SX300.jpg", "Rakeysh Omprakash Mehra", "Prasoon Joshi", "Farhan Akhtar, Kousi Orfahli, Deepak Singh Rawat", "55 wins & 46 nominations total", "$1,636,731", "India", "Hindi", "71%", ""
"234", "Tumbbad", "2018", "8.2", "77350", "Drama,Fantasy,Horror", "108", "movie", "https://www.imdb.com/title/tt8239946/", "Not Rated", "A mythological story about a goddess who created the entire universe. The plot revolves around the consequences when humans build a temple for her first-born.", "https://m.media-amazon.com/images/M/MV5BOTY0YzY3MTMtOWQ5Yi00ODY2LThhOGMtMzFlMjhlODcxOGU1XkEyXkFqcGc@._V1_SX300.jpg", "Rahi Anil Barve, Anand Gandhi, Adesh Prasad", "Mitesh Shah, Adesh Prasad, Rahi Anil Barve", "Sohum Shah, Jyoti Malshe, Anita Date-Kelkar", "17 wins & 26 nominations total", "", "India, Sweden", "Hindi, Marathi", "87%", ""
"235", "Searching for Sugar Man", "2012", "8.2", "76845", "Biography,Documentary,Music", "86", "movie", "https://www.imdb.com/title/tt2125608/", "PG-13", "Two South Africans set out to discover what happened to their unlikely musical hero, the mysterious 1970s rock n roller, Rodriguez.", "https://m.media-amazon.com/images/M/MV5BMjA5Nzc2NDUyN15BMl5BanBnXkFtZTcwNjQwMjc5Nw@@._V1_SX300.jpg", "Malik Bendjelloul", "Malik Bendjelloul, Stephen 'Sugar' Segerman, Craig Bartholomew Strydom", "Rodriguez, Stephen 'Sugar' Segerman, Dennis Coffey", "Won 1 Oscar. 44 wins & 33 nominations total", "$3,696,196", "Sweden, United Kingdom, Finland", "English, Spanish, Afrikaans", "95%", "79/100"
"236", "Dhurandhar: The Revenge", "2026", "8.2", "71495", "Action,Crime,Thriller", "235", "movie", "https://www.imdb.com/title/tt39139925/", "", "Jaskirat Singh Rangi descends deeper into his alias as Hamza Ali Mazari, rising through Karachi's criminal hierarchy to claim the feared title "Sher-e-Baloch" while balancing loyalty, betrayal, and survival in a ruthless underworld.", "https://m.media-amazon.com/images/M/MV5BNzdkNjAxNWMtNWY3My00NTI1LTg2YWQtOGI3MDA0NzdhMjEyXkEyXkFqcGc@._V1_QL75_UY562_CR24,0,380,562_.jpg", "Aditya Dhar", "Aditya Dhar", "Ranveer Singh, Akshaye Khanna, Sanjay Dutt", "", "$27,415,192", "India", "Hindi", "33%", ""
"237", "Miracle in Cell No. 7", "2019", "8.2", "64008", "Drama", "132", "movie", "https://www.imdb.com/title/tt10431500/", "TV-14", "A story of love between a mentally-ill father who was wrongly accused of murder and his lovely six year old daughter. Prison will be their home. Based on the 2013 Korean movie Miracle in Cell No. 7 (2013).", "https://m.media-amazon.com/images/M/MV5BMzZmMWUxZGMtOTg3MS00OTA4LTg5NzktZGY4NjgyMzExYTZhXkEyXkFqcGc@._V1_SX300.jpg", "Mehmet Ada Öztekin", "Kubilay Tat", "Aras Bulut Iynemli, Nisa Sofiya Aksongur, Deniz Baysal", "12 wins & 13 nominations total", "", "Turkey", "Turkish", "", ""
"238", "No Other Land", "2024", "8.2", "56203", "Documentary", "92", "movie", "https://www.imdb.com/title/tt30953759/", "Not Rated", "This film made by a Palestinian-Israeli collective shows the destruction of the occupied West Bank's Masafer Yatta by Israeli soldiers and the alliance which develops between the Palestinian activist Basel and Israeli journalist Y...", "https://m.media-amazon.com/images/M/MV5BMzdhODkyYmUtMzE3ZS00YmQxLThlMGItNTQwNGJmYTk3ZjE3XkEyXkFqcGc@._V1_SX300.jpg", "Yuval Abraham, Basel Adra, Hamdan Ballal", "Basel Adra, Rachel Szor, Hamdan Ballal", "Yuval Abraham, Basel Adra, Hamdan Ballal", "Won 1 Oscar. 68 wins & 31 nominations total", "$2,549,422", "Occupied Palestinian Territory, Norway, Denmark, France, Germany, Belgium", "Arabic, English, Hebrew", "100%", "93/100"
"239", "Vikram Vedha", "2017", "8.2", "56068", "Action,Crime,Drama", "147", "movie", "https://www.imdb.com/title/tt6148156/", "Not Rated", "Vikram, a no-nonsense police officer, accompanied by Simon, his partner, is on the hunt to capture Vedha, a smuggler and a murderer. Vedha tries to change Vikram's life, which leads to a conflict.", "https://m.media-amazon.com/images/M/MV5BOTI0ODVlYjYtYTQ5Yi00OTlmLWI5NjEtYjM5ZWEyMDQ5ZjA5XkEyXkFqcGc@._V1_QL75_UX380_CR0,4,380,562_.jpg", "Gayatri, Pushkar", "Manikandan K., Gayatri, Pushkar", "Madhavan, Vijay Sethupathi, Shraddha Srinath", "15 wins & 13 nominations total", "", "India", "Tamil", "", ""
"240", "Drishyam 2", "2022", "8.2", "53048", "Crime,Drama,Mystery", "140", "movie", "https://www.imdb.com/title/tt15501640/", "Not Rated", "A gripping tale of an investigation and a family which is threatened by it. Will Vijay Salgaonkar be able to protect his family this time?", "https://m.media-amazon.com/images/M/MV5BNGYyY2I5MzktMDg2MC00Nzc4LWIwNmYtMjg3NzE1ODQyMDllXkEyXkFqcGc@._V1_SX300.jpg", "Abhishek Pathak", "Jeethu Joseph, Aamil Keeyan Khan, Abhishek Pathak", "Ajay Devgn, Akshaye Khanna, Tabu", "8 wins & 33 nominations total", "", "India", "Hindi, English", "70%", ""
"241", "Ayla: The Daughter of War", "2017", "8.2", "49100", "Biography,Drama,History", "125", "movie", "https://www.imdb.com/title/tt6316138/", "", "Sergeant Süleyman finds a little girl on a battlefield during the Korean War. He takes her and names her Ayla. Fifteen months later, Süleyman's brigade is told they will be returning to Turkey, and he is reluctant to leave her beh...", "https://m.media-amazon.com/images/M/MV5BMDRhYTNiMjMtY2U1OC00NWIwLTk0MTEtMDY1NTMxZDExYjBmXkEyXkFqcGc@._V1_SX300.jpg", "Can Ulkay", "Yigit Güralp", "Çetin Tekindor, Ismail Hacioglu, Lee Kyung-jin", "19 wins & 11 nominations total", "", "Turkey", "Turkish, Korean, English, Chinese", "", ""
"242", "Koyaanisqatsi", "1982", "8.2", "45131", "Documentary,Music", "86", "movie", "https://www.imdb.com/title/tt0085809/", "Not Rated", "A collection of expertly photographed phenomena with no conventional plot. The footage focuses on the relationship between nature, humanity, and technology.", "https://m.media-amazon.com/images/M/MV5BZWI2OWRmMGQtYmIxNS00MjgxLWIyMjUtMGY4NmQ2OWQyMmMwXkEyXkFqcGc@._V1_SX300.jpg", "Godfrey Reggio", "Godfrey Reggio, Ron Fricke, Michael Hoenig", "Edward Asner, Pat Benatar, Jerry Brown", "6 wins & 1 nomination total", "$1,723,872", "United States", "None, Hopi, English", "91%", "72/100"
"243", "The Act of Killing", "2012", "8.2", "44739", "Biography,Crime,Documentary", "117", "movie", "https://www.imdb.com/title/tt2375605/", "Not Rated", "A documentary which challenges former Indonesian death-squad leaders to reenact their mass-killings in whichever cinematic genres they wish, including classic Hollywood crime scenarios and lavish musical numbers.", "https://m.media-amazon.com/images/M/MV5BZDg1NDMwMGQtMmFkZS00NTQwLTkxYjktMTlhNjI2NzNlYTQ1XkEyXkFqcGc@._V1_SX300.jpg", "Joshua Oppenheimer, Anonymous, Christine Cynn", "", "Anwar Congo, Herman Koto, Syamsul Arifin", "Nominated for 1 Oscar. 55 wins & 46 nominations total", "$486,919", "United Kingdom, Denmark, Indonesia, Norway", "Indonesian, English", "96%", "92/100"
"244", "Pather Panchali", "1955", "8.2", "42224", "Drama,History", "125", "movie", "https://www.imdb.com/title/tt0048473/", "Not Rated", "Impoverished priest Harihar Ray, dreaming of a better life for himself and his family, leaves his rural Bengal village in search of work.", "https://m.media-amazon.com/images/M/MV5BNmZhNzc0ZDMtZDg2My00MjkxLWJjZTctNTljODc2ZjQzMzJkXkEyXkFqcGc@._V1_SX300.jpg", "Satyajit Ray", "Bibhutibhushan Bandyopadhyay, Satyajit Ray", "Kanu Bannerjee, Karuna Bannerjee, Subir Banerjee", "Nominated for 1 BAFTA Award11 wins & 3 nominations total", "$134,241", "India", "Bengali", "98%", ""
"245", "They Shall Not Grow Old", "2018", "8.2", "41154", "Documentary,History,War", "99", "movie", "https://www.imdb.com/title/tt7905466/", "R", "A documentary about World War I with never-before-seen footage to commemorate the centennial of the end of the war.", "https://m.media-amazon.com/images/M/MV5BOGMwNzc3NTQtY2QzZS00YzJmLTgyM2UtYjlkMjBjZTAwM2Y5XkEyXkFqcGc@._V1_SX300.jpg", "Peter Jackson", "Esat Ozcan", "Thomas Adlam, William Argent, John Ashby", "Nominated for 1 BAFTA Award6 wins & 14 nominations total", "$17,956,913", "United Kingdom, New Zealand", "English", "99%", "91/100"
"246", "Paan Singh Tomar", "2012", "8.2", "40471", "Action,Biography,Crime", "135", "movie", "https://www.imdb.com/title/tt1620933/", "Not Rated", "The story of Paan Singh Tomar, an Indian athlete and seven-time national steeplechase champion who becomes one of the most feared dacoits in Chambal Valley after his retirement.", "https://m.media-amazon.com/images/M/MV5BNTgwODM5OTMzN15BMl5BanBnXkFtZTcwMTA3NzI1Nw@@._V1_SX300.jpg", "Tigmanshu Dhulia", "Sanjay Chauhan, Tigmanshu Dhulia", "Irrfan Khan, Mahie Gill, Rajesh Abhay", "12 wins & 17 nominations total", "$40,311", "India", "Hindi", "", ""
"247", "13th", "2016", "8.2", "39603", "Crime,Documentary,History", "100", "movie", "https://www.imdb.com/title/tt5895028/", "TV-MA", "An in-depth look at the prison system in the United States and how it reveals the nation's history of racial inequality.", "https://m.media-amazon.com/images/M/MV5BMjAwMjU5NTAzOF5BMl5BanBnXkFtZTgwMjQwODQxMDI@._V1_SX300.jpg", "Ava DuVernay", "Spencer Averick, Ava DuVernay", "Melina Abdullah, Michelle Alexander, Cory Booker", "Nominated for 1 Oscar. 32 wins & 47 nominations total", "", "United States", "English", "97%", "81/100"
"248", "Dersu Uzala", "1975", "8.2", "36853", "Adventure,Biography,Drama", "142", "movie", "https://www.imdb.com/title/tt0071411/", "G", "An explorer is sent on an expedition to the snowy Siberian wilderness and makes friends with a seasoned local hunter.", "https://m.media-amazon.com/images/M/MV5BMzIxZDRmMzctODNiYi00MmE3LTlhZTMtODBiNWYwMTZiNDRiXkEyXkFqcGc@._V1_SX300.jpg", "Akira Kurosawa", "Akira Kurosawa, Yuriy Nagibin, Vladimir Arsenev", "Maksim Munzuk, Yuriy Solomin, Mikhail Bychkov", "Won 1 Oscar. 8 wins & 1 nomination total", "", "Soviet Union, Japan", "Russian, Chinese", "73%", ""
"249", "Manjummel Boys", "2024", "8.2", "34967", "Adventure,Drama,Thriller", "135", "movie", "https://www.imdb.com/title/tt26458038/", "", "A group of friends get into a daring rescue mission to save their friend from Guna Caves, a perilously deep pit from where nobody has ever been brought back.", "https://m.media-amazon.com/images/M/MV5BMDVkOGEzZDgtYWU4Yi00MDA3LWE4YmQtYjQxNDgwNDYxNGU4XkEyXkFqcGc@._V1_SX300.jpg", "Chidambaram", "Chidambaram", "Soubin Shahir, Sreenath Bhasi, Balu Varghese", "1 win & 11 nominations total", "", "India", "Malayalam, Tamil", "", ""
"250", "Rangasthalam", "2018", "8.2", "31575", "Action,Drama", "170", "movie", "https://www.imdb.com/title/tt7392212/", "Not Rated", "Chitti Babu begins to suspect his elder brother's life is in danger after they team up to lock horns with their village president and overthrow his unlawful 30 year old regime.", "https://m.media-amazon.com/images/M/MV5BMjQxNjg4ZGUtNzViNS00Y2Q3LTlkOTUtZDFlNjc5NjE3Njc2XkEyXkFqcGc@._V1_SX300.jpg", "Sukumar", "Sukumar, Srinivas Rongali, Buchi Babu Sana", "Ram Charan, Samantha Ruth Prabhu, Aadhi", "21 wins & 11 nominations total", "", "India", "Telugu", "100%", ""
