Rank, name, IMDb Rating, link, image, plot, genres, runtime, certificate, keywords, countriesOfOrigin, meterRanking, meterRankChange, directors, writers, stars, topCast, budget, openingWeekendGross, lifetimeGross, worldwideGross, filmingLocations, spokenLanguages, soundMix, aspectRatio, color, awardWins, awardNominations, titleType, isSeries, isEpisode, isAdult

"1", "Breaking Bad", "9.5", "https://www.imdb.com/title/tt0903747/", "https://m.media-amazon.com/images/M/MV5BMzU5ZGYzNmQtMTdhYy00OGRiLTg0NmQtYjVjNzliZTg1ZGE4XkEyXkFqcGc@._V1_.jpg", "A chemistry teacher diagnosed with inoperable lung cancer turns to manufacturing and selling methamphetamine with a former student to secure his family&apos;s future.", "Crime, Drama, Thriller", "0", "TV-MA", "cancer, chemistry, drug trade, drug, meth lab", "US", "24", "DOWN 3", "", "", "Bryan Cranston, Aaron Paul, Anna Gunn", "Bryan Cranston, Aaron Paul, Anna Gunn, Dean Norris", "", "", "", "", "3828 Piermont Dr NE, Albuquerque, New Mexico, USA", "English, Spanish", "Dolby Digital", "", "Color", "172", "269", "TV Series", "True", "False", "False"
"2", "Planet Earth II", "9.4", "https://www.imdb.com/title/tt5491994/", "https://m.media-amazon.com/images/M/MV5BMzY4NDBkMWYtYzdkYy00YzBjLWJmODctMWM4YjYzZTdjNWE5XkEyXkFqcGc@._V1_.jpg", "David Attenborough presents a spectacular journey through Earth&apos;s habitats, revealing how animals adapt and survive on islands, mountains, jungles, deserts, grasslands and cities.", "Documentary, Family", "0", "TV-G", "nature documentary, mountain, desert, island, nature", "GB", "680", "DOWN 19", "", "", "David Attenborough, Chadden Hunter, Gordon Buchanan", "David Attenborough, Chadden Hunter, Gordon Buchanan, Fredi Devas", "", "", "", "", "", "English, French", "Dolby Digital", "16 : 9", "Color", "16", "28", "TV Mini Series", "True", "False", "False"
"3", "Planet Earth", "9.4", "https://www.imdb.com/title/tt0795176/", "https://m.media-amazon.com/images/M/MV5BY2NjNDUzOTgtMDFmNC00ZGQ4LWE5MDctMzczNGVlOGU1N2MyXkEyXkFqcGc@._V1_.jpg", "An epic nature documentary series exploring Earth&apos;s most spectacular habitats, revealing the wildlife, landscapes, and natural forces that shape life across the planet.", "Documentary, Family", "0", "TV-PG", "animal, life, tv mini series, earth, nature", "GB", "1017", "DOWN 84", "", "", "Sigourney Weaver, David Attenborough, Nikolay Drozdov", "Sigourney Weaver, David Attenborough, Nikolay Drozdov, Thomas Anguti Johnston", "", "", "", "", "Colorado River, Arizona, USA", "English", "", "1.78 : 1", "Color", "15", "15", "TV Mini Series", "True", "False", "False"
"4", "Band of Brothers", "9.4", "https://www.imdb.com/title/tt0185906/", "https://m.media-amazon.com/images/M/MV5BYjdlNGJlYjQtMDU2Mi00ZjA1LWEwYzgtYzlmNDM5MmE1ZGUwXkEyXkFqcGc@._V1_.jpg", "The men of Easy Company, 506th Parachute Infantry Regiment, train for war and fight across Europe during World War II, forging bonds of brotherhood amid the brutal realities of combat.", "Action, Drama, History", "0", "TV-MA", "world war two soldier, netherlands, military, world war two, 20th century", "GB", "72", "DOWN 22", "", "", "Scott Grimes, Damian Lewis, Ron Livingston", "Scott Grimes, Damian Lewis, Ron Livingston, Matthew Leitch", "USD 125,000,000", "", "", "", "Ashdown Forest, East Sussex, England, UK", "English, German, French, Dutch, Latin, Polish, Spanish", "Dolby Digital", "1.78 : 1", "Color", "34", "26", "TV Mini Series", "True", "False", "False"
"5", "Chernobyl", "9.3", "https://www.imdb.com/title/tt7366338/", "https://m.media-amazon.com/images/M/MV5BNzU0OTI4YTQtNGQ1ZS00ZjA4LTg3MTMtZjkyZWNjN2RiZDJmXkEyXkFqcGc@._V1_.jpg", "In April 1986, the city of Chernobyl in the Soviet Union suffers one of the worst nuclear disasters in the history of mankind. Consequently, many heroes put their lives on the line in the following days, weeks and months.", "Drama, History, Thriller", "0", "TV-MA", "chernobyl disaster, nuclear accident, based on true story, radiation, ukrainian soviet socialist republic", "US", "125", "DOWN 9", "", "", "Jared Harris, Jessie Buckley, Stellan Skarsgård", "Jared Harris, Jessie Buckley, Stellan Skarsgård, Emily Watson", "", "", "", "", "Vilnius, Lithuania", "English, Russian, Ukrainian", "Dolby Digital", "2.00 : 1", "Color", "87", "60", "TV Mini Series", "True", "False", "False"
"6", "Avatar: The Last Airbender", "9.3", "https://www.imdb.com/title/tt0417299/", "https://m.media-amazon.com/images/M/MV5BMDMwMThjYWYtY2Q2OS00OGM2LTlkODQtNDJlZTZmMjAyYmFhXkEyXkFqcGc@._V1_.jpg", "After a century frozen in ice, young Avatar Aang journeys with friends to master the four elements and bring balance to a world at war with the Fire Nation.", "Animation, Action, Adventure", "0", "TV-Y7-FV", "coming of age, spirit, genocide, martial arts, strong female character", "US", "290", "DOWN 26", "", "", "Dee Bradley Baker, Zach Tyler Eisen, Mae Whitman", "Dee Bradley Baker, Zach Tyler Eisen, Mae Whitman, Jack De Sena", "", "", "", "", "", "English", "Stereo", "1.33 : 1", "Color", "9", "7", "TV Series", "True", "False", "False"
"7", "The Wire", "9.3", "https://www.imdb.com/title/tt0306414/", "https://m.media-amazon.com/images/M/MV5BYjIxZTMwZmUtOTUzYS00YmU2LWJhNDAtNzA2NDg0NDA0MjVkXkEyXkFqcGc@._V1_.jpg", "The Baltimore drug scene, as seen through the eyes of drug dealers and law enforcement.", "Crime, Drama, Thriller", "0", "TV-MA", "baltimore maryland, drug trafficking, police department politics, corruption, urban decay", "US", "42", "DOWN 11", "", "", "Dominic West, Lance Reddick, Sonja Sohn", "Dominic West, Lance Reddick, Sonja Sohn, John Doman", "", "", "", "", "Baltimore, Maryland, USA", "English, Greek, Mandarin, Spanish", "", "4:3", "Color", "18", "59", "TV Series", "True", "False", "False"
"8", "The Sopranos", "9.2", "https://www.imdb.com/title/tt0141842/", "https://m.media-amazon.com/images/M/MV5BZjYwNWQwOTMtMzYwOS00NTcxLWFhNTYtNGQ4YjdmYTcyNDFkXkEyXkFqcGc@._V1_.jpg", "New Jersey mob boss Tony Soprano deals with personal and professional issues in his home and business life that affect his mental state, leading him to seek professional psychiatric counseling.", "Crime, Drama", "0", "TV-MA", "mafia, psychiatrist, italian american, violence, overweight mafioso", "US", "31", "DOWN 2", "", "", "James Gandolfini, Lorraine Bracco, Edie Falco", "James Gandolfini, Lorraine Bracco, Edie Falco, Michael Imperioli", "", "", "", "", "Satin Dolls - 230 State Route 17 S., Lodi, New Jersey, USA", "English, Italian, Russian", "Dolby Digital, DTS", "1.78 : 1", "Color", "127", "312", "TV Series", "True", "False", "False"
"9", "Blue Planet II", "9.3", "https://www.imdb.com/title/tt6769208/", "https://m.media-amazon.com/images/M/MV5BNmUwYThjM2UtNTg1Yy00MzRlLThhMmYtNjlmOWU0ZmQxZDA3XkEyXkFqcGc@._V1_.jpg", "David Attenborough journeys through Earth&apos;s oceans, revealing extraordinary marine life, hidden habitats, and the changing forces shaping our blue planet.", "Documentary, Family", "0", "TV-G", "sequel, numbered sequel, nature, nature documentary, marine biology", "GB", "1760", "UP 134", "", "", "David Attenborough, Peter Drost, Roger Munns", "David Attenborough, Peter Drost, Roger Munns, Roger Horrocks", "", "", "", "USD 205,531", "", "English", "Dolby Digital", "", "Color", "11", "13", "TV Mini Series", "True", "False", "False"
"10", "Cosmos: A Spacetime Odyssey", "9.2", "https://www.imdb.com/title/tt2395695/", "https://m.media-amazon.com/images/M/MV5BYTRlMzk0NzctNTI3Ni00N2E2LWJiNGMtMDdlNjk1YWNmMzkyXkEyXkFqcGc@._V1_.jpg", "An exploration of our discovery of the laws of nature and coordinates in space and time.", "Documentary, Family", "0", "TV-PG", "cosmology, astronomy, science and technology documentary, universe, science", "US", "984", "UP 32", "", "", "Neil deGrasse Tyson, Carl Sagan, Christopher Emerson", "Neil deGrasse Tyson, Carl Sagan, Christopher Emerson, Keythe Farley", "", "", "", "", "Santa Fe, New Mexico, USA", "English", "Dolby Digital", "16:9 HD", "Color", "17", "23", "TV Mini Series", "True", "False", "False"
"11", "Cosmos", "9.3", "https://www.imdb.com/title/tt0081846/", "https://m.media-amazon.com/images/M/MV5BOTA5MWFhMzAtOWU1OS00Yjk4LTlkNGItNGI3N2VkNzcyNGU2XkEyXkFqcGc@._V1_.jpg", "Astronomer Carl Sagan journeys across space and time, exploring the universe, the history of science, and humanity&apos;s place among the stars.", "Documentary", "0", "TV-PG", "scientific philosophy, lightyear, educational, unidentified flying object, venus", "US", "1809", "DOWN 113", "", "", "Carl Sagan, Jaromír Hanzlík, Jonathan Fahn", "Carl Sagan, Jaromír Hanzlík, Jonathan Fahn, Bob Hevelone", "USD 8,250,000", "", "", "", "Calcutta, West Bengal, India", "English", "Mono, Stereo", "1.33 : 1", "Color", "4", "3", "TV Mini Series", "True", "False", "False"
"12", "Our Planet", "9.2", "https://www.imdb.com/title/tt9253866/", "https://m.media-amazon.com/images/M/MV5BZDE1NzlkNWMtNzFiMC00ZTgxLTgyMmItOTU5OGI2NWQ4MDMxXkEyXkFqcGc@._V1_.jpg", "Explores and unravels the mystery of how and why animals migrate, showing some of the most dramatic and compelling stories in the natural world through spectacular and innovative cinematography.", "Documentary, Family", "0", "TV-PG", "nature documentary, zoology, biology, nature, jungle", "US", "1601", "UP 64", "", "", "David Attenborough", "David Attenborough", "", "", "", "", "", "English", "Dolby Digital, Dolby Atmos", "16:9 HD", "Color", "7", "25", "TV Series", "True", "False", "False"
"13", "Game of Thrones", "9.2", "https://www.imdb.com/title/tt0944947/", "https://m.media-amazon.com/images/M/MV5BNGYxOGJkMjItZjVkZC00OGEzLWExNjktOTZmNGZhZmRlMTk2XkEyXkFqcGc@._V1_.jpg", "Nine noble families vie for control of Westeros and the Iron Throne, while an ancient threat beyond The Wall begins to stir.", "Drama, Fantasy", "0", "TV-MA", "politics, nudity, dragon, incest, kingdom", "US", "19", "DOWN 3", "", "", "Emilia Clarke, Peter Dinklage, Kit Harington", "Emilia Clarke, Peter Dinklage, Kit Harington, Lena Headey", "", "", "", "", "Split, Split-Dalmatia County, Croatia", "English", "Dolby Digital", "1.78 : 1", "Color", "396", "656", "TV Series", "True", "False", "False"
"14", "Bluey", "9.2", "https://www.imdb.com/title/tt7678620/", "https://m.media-amazon.com/images/M/MV5BYWU1YmQzMjEtMDNjOS00MGIyLWExY2ItZDAzNmU5NWViMGZmXkEyXkFqcGc@._V1_.jpg", "Bluey, a playful six-year-old Blue Heeler puppy, turns everyday family life with her parents and little sister Bingo into imaginative games and heartfelt adventures.", "Animation, Short, Comedy", "0", "TV-Y", "blue heeler dog, family life, anthropomorphic dog, dog, sister sister relationship", "AU", "593", "UP 26", "", "", "David McCormack, Melanie Zanetti, Brad Elliott", "David McCormack, Melanie Zanetti, Brad Elliott, Dan Brumm", "", "", "", "", "Fortitude Valley, Brisbane, Australia", "English", "Stereo, Dolby Digital", "16:9 HD", "Color", "27", "15", "TV Series", "True", "False", "False"
"15", "The World at War", "9.2", "https://www.imdb.com/title/tt0071075/", "https://m.media-amazon.com/images/M/MV5BM2I1OGUyNmYtZmNiOC00OGQ4LWFlNDEtYTM5ZTAxMDI4ZmMyXkEyXkFqcGc@._V1_.jpg", "26-part documentary series tracing World War II from the rise of Nazi Germany through the conflict&apos;s major campaigns and home fronts, using archival footage and firsthand interviews, narrated by Laurence Olivier.", "Documentary, History, War", "0", "TV-PG", "world war two, war propaganda, military alliance, soldier, military operation", "GB", "1415", "UP 80", "", "", "Laurence Olivier, Averell Harriman, Albert Speer", "Laurence Olivier, Averell Harriman, Albert Speer, Anthony Eden", "", "", "", "", "", "English, German, French, Japanese", "Mono", "1.33 : 1", "Black and White, Color", "2", "3", "TV Series", "True", "False", "False"
"16", "Shingeki no kyojin", "9.1", "https://www.imdb.com/title/tt2560140/", "https://m.media-amazon.com/images/M/MV5BZjliODY5MzQtMmViZC00MTZmLWFhMWMtMjMwM2I3OGY1MTRiXkEyXkFqcGc@._V1_.jpg", "In a world where humanity shelters behind towering walls from man-eating Titans, a determined teen joins the elite Survey Corps to fight the giants and uncover the secrets of their origin.", "Animation, Action, Adventure", "0", "TV-MA", "anime, giant, man eating monster, based on manga, titan", "JP", "47", "DOWN 6", "", "", "Jessie James Grelle, Bryce Papenbrook, Trina Nishimura", "Jessie James Grelle, Bryce Papenbrook, Trina Nishimura, Yûki Kaji", "", "", "", "", "", "Japanese, English", "Stereo", "1.78 : 1, 16:9 HD", "Color", "42", "88", "TV Series", "True", "False", "False"
"17", "Hagane no renkinjutsushi", "9.1", "https://www.imdb.com/title/tt1355642/", "https://m.media-amazon.com/images/M/MV5BMzNiODA5NjYtYWExZS00OTc4LTg3N2ItYWYwYTUyYmM5MWViXkEyXkFqcGc@._V1_.jpg", "Two brothers search for a Philosopher&apos;s Stone after an attempt to revive their deceased mother goes awry and leaves them in damaged physical forms.", "Animation, Action, Adventure", "0", "TV-14", "alchemy, loss of limb, genocide, brother brother relationship, steampunk", "JP", "267", "UP 42", "", "", "Kent Williams, Iemasa Kayumi, Romi Park", "Kent Williams, Iemasa Kayumi, Romi Park, Muriel Hofmann", "", "", "", "", "", "Japanese, English", "Stereo", "16:9 HD", "Color", "3", "4", "TV Series", "True", "False", "False"
"18", "Life", "9.1", "https://www.imdb.com/title/tt1533395/", "https://m.media-amazon.com/images/M/MV5BZDJjMzJiMTktMWZkZi00YWY0LWJjNGUtY2ZmNTFlOThhZTA4XkEyXkFqcGc@._V1_.jpg", "A global nature documentary exploring the extraordinary strategies animals and plants use to survive, reproduce, and thrive across Earth&apos;s diverse habitats.", "Documentary", "0", "TV-G", "elephant, vulture, bear, monkey, dead animal", "GB", "1990", "UP 284", "", "", "Oprah Winfrey, David Attenborough, Doug Allan", "Oprah Winfrey, David Attenborough, Doug Allan, Michael Pitts", "", "", "", "", "Boa Vista, Roraima, Brazil", "English", "Dolby Digital", "1.78 : 1", "Color", "4", "11", "TV Mini Series", "True", "False", "False"
"19", "The Last Dance", "9", "https://www.imdb.com/title/tt8420184/", "https://m.media-amazon.com/images/M/MV5BOTQyYmQ1N2UtYjFkNS00NzgyLTk5YTUtYjExMDdjOTA3MGU2XkEyXkFqcGc@._V1_.jpg", "Led by Michael Jordan, the 1990s Chicago Bulls establish themselves as one of the most notable dynasties in sports history.", "Documentary, Biography, History", "0", "TV-MA", "nba, espn, reference to michael jordan, reference to chicago bulls, reference to phil jackson", "US", "1078", "DOWN 115", "", "", "Michael Jordan, Phil Jackson, Scottie Pippen", "Michael Jordan, Phil Jackson, Scottie Pippen, David Aldridge", "", "", "", "", "Chicago, Illinois, USA", "English", "Stereo", "16:9 HD", "Color", "10", "6", "TV Mini Series", "True", "False", "False"
"20", "The Twilight Zone", "9", "https://www.imdb.com/title/tt0052520/", "https://m.media-amazon.com/images/M/MV5BYjkyZmRmYmMtYTg5Zi00MjA0LTliYmQtMDU0NzBiZDcxNzA0XkEyXkFqcGc@._V1_.jpg", "Ordinary people face uncanny and impossible events in standalone tales of science fiction, fantasy, horror, and suspense.", "Drama, Fantasy, Horror", "0", "TV-PG", "famous opening theme, series title spoken by narrator, surprise ending, paranormal phenomenon, hosted television series", "US", "329", "UP 21", "", "", "Rod Serling, Robert McCord, Jay Overholts", "Rod Serling, Robert McCord, Jay Overholts, James Turley", "", "", "", "", "Metro-Goldwyn-Mayer Studios - 10202 W. Washington Blvd., Culver City, California, USA", "English", "", "1.33 : 1, 4:3", "Black and White", "12", "14", "TV Series", "True", "False", "False"
"21", "The Vietnam War", "9.1", "https://www.imdb.com/title/tt1877514/", "https://m.media-amazon.com/images/M/MV5BYTQ1ZWYzMmQtNWU5OC00YWY0LTkyMWMtMTU0NjYxMjJkMmNjXkEyXkFqcGc@._V1_.jpg", "A documentary series chronicling the Vietnam War through archival footage and firsthand accounts from soldiers, civilians, and leaders on all sides, tracing its origins, major events, and enduring impact on the United States and V...", "Documentary, History, War", "0", "TV-MA", "vietnam war, american history, vietnamese history, civil war, vietnam", "US", "1280", "UP 15", "", "", "Peter Coyote, Le Duan, James Willbanks", "Peter Coyote, Le Duan, James Willbanks, Huy Duc", "", "", "", "", "", "English, Vietnamese", "", "16:9 HD", "Color", "5", "10", "TV Mini Series", "True", "False", "False"
"22", "Rick and Morty", "9", "https://www.imdb.com/title/tt2861424/", "https://m.media-amazon.com/images/M/MV5BZGQyZjk2MzMtMTcyNC00NGU3LTlmNjItNDExMWM4ZDFhYmQ2XkEyXkFqcGc@._V1_.jpg", "The fractured domestic lives of a nihilistic mad scientist and his anxious grandson are further complicated by their inter-dimensional misadventures.", "Animation, Adventure, Comedy", "0", "TV-MA", "scientist, grandfather grandson relationship, monster, multiverse, nihilism", "US", "76", "DOWN 15", "", "", "Chris Parnell, Spencer Grammer, Sarah Chalke", "Chris Parnell, Spencer Grammer, Sarah Chalke, Justin Roiland", "", "", "", "", "New York City, New York, USA", "English", "Dolby Digital", "16:9 HD", "Color", "18", "42", "TV Series", "True", "False", "False"
"23", "Sherlock", "9", "https://www.imdb.com/title/tt1475582/", "https://m.media-amazon.com/images/M/MV5BMjRhZDdjMDYtMTg5Yy00NGI4LWI3ZDgtYjNkNDc4MzJkNDRjXkEyXkFqcGc@._V1_.jpg", "In modern-day London, brilliant but eccentric detective Sherlock Holmes teams with war veteran Dr. John Watson to crack baffling crimes, outwit formidable foes, and aid Scotland Yard with razor-sharp deduction.", "Crime, Drama, Mystery", "0", "TV-14", "detective, friendship, murder, modernized setting, genius", "GB", "193", "DOWN 14", "", "", "Benedict Cumberbatch, Martin Freeman, Una Stubbs", "Benedict Cumberbatch, Martin Freeman, Una Stubbs, Rupert Graves", "", "", "", "", "187 North Gower Street, Somers Town, London, England, UK", "English", "Dolby Digital", "1.78 : 1", "Color", "95", "185", "TV Series", "True", "False", "False"
"24", "Batman: The Animated Series", "9", "https://www.imdb.com/title/tt0103359/", "https://m.media-amazon.com/images/M/MV5BZjM2NjMwMjctZmMxZi00ZTRiLWI1NTItZDc4YTc4YWI2NTRjXkEyXkFqcGc@._V1_.jpg", "Billionaire Bruce Wayne leads a double life as Batman, defending Gotham City from ruthless mobsters and costumed villains with help from Robin and a small circle of trusted allies.", "Animation, Action, Adventure", "0", "TV-PG", "based on comic book, batman character, dc animated universe, neo noir, urban decay", "US", "556", "DOWN 28", "", "", "Kevin Conroy, Loren Lester, Efrem Zimbalist Jr.", "Kevin Conroy, Loren Lester, Efrem Zimbalist Jr., Bob Hastings", "", "", "", "", "Warner Brothers Burbank Studios - 4000 Warner Boulevard, Burbank, California, USA", "English", "Stereo", "1.33 : 1", "Color", "6", "19", "TV Series", "True", "False", "False"
"25", "Better Call Saul", "9", "https://www.imdb.com/title/tt3032476/", "https://m.media-amazon.com/images/M/MV5BMTAxOTQ0MjUzMzJeQTJeQWpwZ15BbWU4MDY0NTAxNzMx._V1_.jpg", "Albuquerque lawyer Jimmy McGill scrapes for clients and respect, but every win drags him closer to shady deals, dangerous players, and the alter ego Saul Goodman.", "Crime, Drama", "0", "TV-MA", "lawyer, drug trade, spin off, organized crime, psychosomatic illness", "US", "51", "DOWN 5", "", "", "Bob Odenkirk, Rhea Seehorn, Jonathan Banks", "Bob Odenkirk, Rhea Seehorn, Jonathan Banks, Patrick Fabian", "", "", "", "", "Albuquerque, New Mexico, USA", "English, Spanish, Vietnamese", "Stereo, Dolby Digital", "", "Color", "66", "317", "TV Series", "True", "False", "False"
"26", "The Office", "9", "https://www.imdb.com/title/tt0386676/", "https://m.media-amazon.com/images/M/MV5BZjQwYzBlYzUtZjhhOS00ZDQ0LWE0NzAtYTk4MjgzZTNkZWEzXkEyXkFqcGc@._V1_.jpg", "A mockumentary on a group of typical office workers, where the workday consists of ego clashes, inappropriate behavior, tedium and romance.", "Comedy", "0", "TV-14", "mockumentary, office, office romance, employer employee relationship, job", "US", "57", "DOWN 4", "", "", "Steve Carell, Jenna Fischer, John Krasinski", "Steve Carell, Jenna Fischer, John Krasinski, Rainn Wilson", "", "", "", "", "Scranton, Pennsylvania, USA", "English, Spanish, German, French", "", "1.78 : 1", "Color", "61", "211", "TV Series", "True", "False", "False"
"27", "Arcane: League of Legends", "9", "https://www.imdb.com/title/tt11126994/", "https://m.media-amazon.com/images/M/MV5BYjA2NzhlMDItNWRmZC00MzRjLWE3ZjAtZjBlZDAwOWY2ODdjXkEyXkFqcGc@._V1_.jpg", "Amid the stark discord of twin cities Piltover and Zaun, two sisters fight on rival sides of a war between magic technologies and clashing convictions.", "Animation, Action, Adventure", "0", "TV-14", "based on video game, league of legends, arcane, cgi animation, 3d animation", "US", "308", "DOWN 6", "", "", "Kevin Alejandro, Hailee Steinfeld, Ella Purnell", "Kevin Alejandro, Hailee Steinfeld, Ella Purnell, Katie Leung", "", "", "", "", "", "English, French", "Stereo", "2.35 : 1", "Color", "41", "13", "TV Series", "True", "False", "False"
"28", "The Blue Planet", "9", "https://www.imdb.com/title/tt0296310/", "https://m.media-amazon.com/images/M/MV5BYjgyODJmY2YtZTk4Yy00MjBlLWFlM2YtNDIyMDk5YmQxMTllXkEyXkFqcGc@._V1_.jpg", "Explores Earth&apos;s oceans, from sunlit shallows to the deep sea, revealing the animals, habitats, and forces that shape life beneath the waves.", "Documentary, Family", "0", "TV-G", "ocean, david attenborough, underwater footage, docuseries documentary, tv mini series", "GB", "2487", "DOWN 128", "", "", "David Attenborough, Pierce Brosnan, Peter Scoones", "David Attenborough, Pierce Brosnan, Peter Scoones", "GBP 7,000,000", "", "", "USD 791,249", "", "English", "Stereo", "", "Color", "6", "12", "TV Mini Series", "True", "False", "False"
"29", "Clarkson&apos;s Farm", "9", "https://www.imdb.com/title/tt10541088/", "https://m.media-amazon.com/images/M/MV5BNzA1Yzk0NzEtMmQwNi00ZmQyLWFmYTUtM2NjYjBkMGE3NDRkXkEyXkFqcGc@._V1_.jpg", "Follow Jeremy Clarkson as he attempts to run a farm in the countryside.", "Documentary, Comedy, Reality-TV", "0", "TV-PG", "farm, england, farming, cotswolds, farmhand", "GB", "651", "DOWN 30", "", "", "Jeremy Clarkson, Kaleb Cooper, Charlie Ireland", "Jeremy Clarkson, Kaleb Cooper, Charlie Ireland, Lisa Hogan", "", "", "", "", "Diddly Squat Farm, Chipping Norton, England, UK", "English", "Dolby Digital", "", "Color", "0", "2", "TV Series", "True", "False", "False"
"30", "Hunter x Hunter", "9", "https://www.imdb.com/title/tt2098220/", "https://m.media-amazon.com/images/M/MV5BYzYxOTlkYzctNGY2MC00MjNjLWIxOWMtY2QwYjcxZWIwMmEwXkEyXkFqcGc@._V1_.jpg", "Gon Freecss aspires to become a Hunter, an exceptional being capable of greatness. With his friends and his potential, he seeks out his father, who left him when he was younger.", "Animation, Action, Adventure", "0", "TV-14", "friendship, shounen, training, based on manga, fight", "JP", "274", "UP 21", "", "", "Issei Futamata, Megumi Han, Cristina Valenzuela", "Issei Futamata, Megumi Han, Cristina Valenzuela, Mariya Ise", "", "", "", "USD 114,796", "", "Japanese", "Dolby Digital", "16:9 HD", "Color", "2", "1", "TV Series", "True", "False", "False"
"31", "Scam 1992: The Harshad Mehta Story", "9.2", "https://www.imdb.com/title/tt12392504/", "https://m.media-amazon.com/images/M/MV5BNGRkOTVjODgtNTBmZS00MDQ3LWE3ZjQtM2ZiNDQ3OWJkMjM2XkEyXkFqcGc@._V1_.jpg", "The rise and fall of Harshad Mehta, a stockbroker who single-handedly took the stock market to great heights, is depicted.", "Biography, Crime, Drama", "0", "TV-14", "1980s, stock exchange, brother brother relationship, financial fraud, bombay stock exchange", "IN", "1022", "DOWN 78", "", "", "Pratik Gandhi, Shreya Dhanwanthary, Hemant Kher", "Pratik Gandhi, Shreya Dhanwanthary, Hemant Kher, Anjali Barot", "INR 50,000,000", "", "", "", "Gulsunde School, India", "Hindi", "Stereo", "16:9 HD", "Color", "53", "18", "TV Mini Series", "True", "False", "False"
"32", "Frozen Planet", "9", "https://www.imdb.com/title/tt2092588/", "https://m.media-amazon.com/images/M/MV5BMDE0ZTZlZDItOTgzNS00Zjg4LWEwOWEtYjc1YzY2MjliZTM5XkEyXkFqcGc@._V1_.jpg", "Focuses on life and the environment in both the Arctic and Antarctic.", "Documentary, Family", "0", "TV-PG", "freezing, freeze, ice, northwest territories, wildlife", "GB", "2929", "UP 81", "", "", "David Attenborough, Alec Baldwin, Chadden Hunter", "David Attenborough, Alec Baldwin, Chadden Hunter, Michael Kelem", "", "", "", "", "North Pole, Arctic", "English, Russian", "Dolby Digital", "16:9 HD", "Color", "13", "9", "TV Mini Series", "True", "False", "False"
"33", "Only Fools and Horses", "9", "https://www.imdb.com/title/tt0081912/", "https://m.media-amazon.com/images/M/MV5BNGM0MjQ0NzAtMjVhNy00MzY4LTkyZTItMTk0YzUyNGY4ODZhXkEyXkFqcGc@._V1_.jpg", "Follows two brothers from a rough London estate as they wheel and deal through a number of dodgy deals and search for the big score that&apos;ll make them millionaires.", "Comedy", "0", "TV-PG", "world war two veteran, cockney, 1980s, british comedy, working class", "GB", "841", "UP 161", "", "", "David Jason, Nicholas Lyndhurst, Roger Lloyd Pack", "David Jason, Nicholas Lyndhurst, Roger Lloyd Pack, Buster Merryfield", "", "", "", "", "Harlech Tower, Park Road, Acton, London, England, UK", "English", "Mono", "1.33 : 1", "Color", "17", "15", "TV Series", "True", "False", "False"
"34", "Human Planet", "9", "https://www.imdb.com/title/tt1806234/", "https://m.media-amazon.com/images/M/MV5BMDYxN2U4YjEtZmZjYS00NmJkLTg3Y2EtZjFmNmFiNmExMDMwXkEyXkFqcGc@._V1_.jpg", "A cinematic experience bringing you the most amazing human stories in the world. Humans and wildlife surviving in the most extreme environments on Earth", "Documentary", "0", "TV-PG", "astronomical object in title, social documentary, travel documentary, urban setting, nature documentary", "GB", "2770", "UP 642", "", "", "John Hurt, Roger Munns", "John Hurt, Roger Munns", "", "", "", "", "", "English", "", "16:9 HD", "Color", "2", "4", "TV Mini Series", "True", "False", "False"
"35", "The Beatles Anthology", "9.1", "https://www.imdb.com/title/tt0111893/", "https://m.media-amazon.com/images/M/MV5BZTczOGNiZTItY2U4OC00Mzk5LTgwYWYtMWJhNDAyZTVjYjllXkEyXkFqcGc@._V1_.jpg", "The Beatles candidly tell their own story, with all its complexities and contradictions.", "Documentary, Music", "0", "TV-14", "man wears eyeglasses, liverpool england, george harrison character, ringo starr character, paul mccartney character", "GB", "2955", "DOWN 105", "", "", "John Lennon, Paul McCartney, George Harrison", "John Lennon, Paul McCartney, George Harrison, The Beatles", "", "", "", "", "Henley-on-Thames, Oxfordshire, England, UK", "English, French", "", "4:3", "Black and White, Color", "2", "4", "TV Mini Series", "True", "False", "False"
"36", "The Civil War", "9", "https://www.imdb.com/title/tt0098769/", "https://m.media-amazon.com/images/M/MV5BYTUwNTM2YTAtODA3Yi00YjU0LTliNzktM2YzMzk5NzU5ZTcyXkEyXkFqcGc@._V1_.jpg", "A comprehensive survey of the American Civil War.", "Documentary, History, War", "0", "TV-14", "american politics, warfare, military operation, civil war, 1860s", "US", "2157", "DOWN 156", "", "", "David McCullough, Sam Waterston, Julie Harris", "David McCullough, Sam Waterston, Julie Harris, Jason Robards", "", "", "", "", "", "English", "Stereo", "1.66 : 1", "Color", "14", "3", "TV Mini Series", "True", "False", "False"
"37", "Dexter: Resurrection", "9", "https://www.imdb.com/title/tt33043892/", "https://m.media-amazon.com/images/M/MV5BMzgxNzUwZTctMzliNi00MDUwLWE4YzctNjgwMDE2OWQwNzMxXkEyXkFqcGc@._V1_.jpg", "Dexter Morgan awakens from a coma and sets out for New York City, determined to find Harrison and make things right. But when Miami Metro&apos;s Angel Batista arrives with questions, Dexter realizes his past is catching up to him fast.", "Crime, Drama, Mystery", "0", "TV-MA", "dexter universe, serial killer crime, psychological drama, psychological thriller, dark comedy", "US", "17", "UP 114", "", "", "Michael C. Hall, Uma Thurman, Ntare Guma Mbaho Mwine", "Michael C. Hall, Uma Thurman, Ntare Guma Mbaho Mwine, James Remar", "", "", "", "", "Yonkers, New York, USA", "English", "", "2.39 : 1", "Color", "3", "12", "TV Series", "True", "False", "False"
"38", "Gibi", "9", "https://www.imdb.com/title/tt13675832/", "https://m.media-amazon.com/images/M/MV5BOWY0ZGIyZjAtZDIxMC00NTY4LTgyNDEtYmMwMzBmNmQ0MmE1XkEyXkFqcGc@._V1_.jpg", "Yilmaz and Ilkkan are two friends who are constantly fighting each other. Their greatest feature is always being able to do something that will turn their ordinary lives upside down.", "Comedy", "0", "", "friendship, buddy comedy, dark comedy, absurd comedy", "TR", "877", "DOWN 10", "", "", "Feyyaz Yiğit, Kıvanç Kılınç, Ahmet Kürşat Öçalan", "Feyyaz Yiğit, Kıvanç Kılınç, Ahmet Kürşat Öçalan, Ümran Sakir", "", "", "", "", "Istanbul, Turkey", "Turkish", "Stereo", "1.78 : 1, 16:9 HD", "Color", "2", "9", "TV Series", "True", "False", "False"
"39", "Firefly", "8.9", "https://www.imdb.com/title/tt0303461/", "https://m.media-amazon.com/images/M/MV5BYzYyZWYzNzUtOWQ4Yi00Y2Q4LWJjZjgtZTllNjg2ZGM0MTcyXkEyXkFqcGc@._V1_.jpg", "A renegade crew aboard a small spacecraft tries to survive as they travel the unknown parts of the galaxy and evade warring factions as well as authority agents out to get them.", "Adventure, Sci-Fi", "0", "TV-14", "future, cult tv, outer space, single season tv series, one word series title", "US", "447", "DOWN 56", "", "", "Nathan Fillion, Gina Torres, Alan Tudyk", "Nathan Fillion, Gina Torres, Alan Tudyk, Morena Baccarin", "", "", "", "", "Sable Ranch - 25933 Sand Canyon Road, Santa Clarita, California, USA", "English, Mandarin, Cantonese", "Dolby Digital", "1.78 : 1", "Color", "5", "8", "TV Series", "True", "False", "False"
"40", "Gravity Falls", "8.9", "https://www.imdb.com/title/tt1865718/", "https://m.media-amazon.com/images/M/MV5BMTEzNDc3MDQ2NzNeQTJeQWpwZ15BbWU4MDYzMzUwMDIx._V1_.jpg", "Twin siblings Dipper and Mabel Pines spend the summer at their great-uncle&apos;s tourist trap in the enigmatic Gravity Falls, Oregon.", "Animation, Adventure, Comedy", "0", "TV-Y7", "tourist trap, dimension, polydactyly, fictional town, summer vacation", "US", "481", "DOWN 25", "", "", "Jason Ritter, Alex Hirsch, Kristen Schaal", "Jason Ritter, Alex Hirsch, Kristen Schaal, Linda Cardellini", "", "", "", "", "Seattle, Washington, USA", "English", "Dolby Digital", "16:9 HD", "Color", "13", "38", "TV Series", "True", "False", "False"
"41", "The Pitt", "8.9", "https://www.imdb.com/title/tt31938062/", "https://m.media-amazon.com/images/M/MV5BMThjMjYxM2YtM2IzZC00NDdmLThiNDYtNzEyNzA0YTRmYTk3XkEyXkFqcGc@._V1_.jpg", "The daily lives of healthcare professionals in a Pittsburgh hospital as they juggle personal crises, workplace politics, and the emotional toll of treating critically ill patients, revealing the resilience required in their noble ...", "Drama", "0", "TV-MA", "emergency room, doctor, medical drama, hospital, autism", "US", "40", "DOWN 8", "", "", "Noah Wyle, Patrick Ball, Katherine LaNasa", "Noah Wyle, Patrick Ball, Katherine LaNasa, Fiona Dourif", "", "", "", "", "Warner Brothers Burbank Studios - 4000 Warner Boulevard, Burbank, California, USA", "English", "Dolby Digital", "1.78 : 1", "Color", "55", "87", "TV Series", "True", "False", "False"
"42", "Death Note: Desu nôto", "8.9", "https://www.imdb.com/title/tt0877057/", "https://m.media-amazon.com/images/M/MV5BYTgyZDhmMTEtZDFhNi00MTc4LTg3NjUtYWJlNGE5Mzk2NzMxXkEyXkFqcGc@._V1_.jpg", "An intelligent high school student goes on a secret crusade to eliminate criminals from the world after discovering a notebook capable of killing anyone whose name is written into it.", "Animation, Crime, Drama", "0", "TV-14", "battle of wits, anti hero, arrogance, child prodigy, villain as protagonist", "JP", "294", "DOWN 4", "", "", "Mamoru Miyano, Brad Swaile, Vincent Tong", "Mamoru Miyano, Brad Swaile, Vincent Tong, Ryô Naitô", "", "", "", "", "", "Japanese, English", "Stereo", "1.78 : 1", "Color", "2", "1", "TV Series", "True", "False", "False"
"43", "Taskmaster", "9", "https://www.imdb.com/title/tt4934214/", "https://m.media-amazon.com/images/M/MV5BY2RmNmM1YzAtOWJlMi00NTdiLWEwN2MtNDliNGI3NmUxMTk3XkEyXkFqcGc@._V1_.jpg", "Five comedians are set tasks challenging their creativity and wit. The tasks are supervised by Alex Horne but the Taskmaster, Greg Davies, always has the final word.", "Comedy, Game-Show", "0", "TV-14", "game, comedian, challenge, task, host", "GB", "437", "UP 3", "", "", "Greg Davies, Alex Horne, Ed Gamble", "Greg Davies, Alex Horne, Ed Gamble, James Acaster", "", "", "", "", "Pinewood Studios, Pinewood Road, Iver Heath, Iver, Buckinghamshire, England, UK", "English", "Stereo", "1080i (HDTV), 16:9 HD", "Color", "4", "17", "TV Series", "True", "False", "False"
"44", "Sôsô no Furîren", "8.9", "https://www.imdb.com/title/tt22248376/", "https://m.media-amazon.com/images/M/MV5BZTI4ZGMxN2UtODlkYS00MTBjLWE1YzctYzc3NDViMGI0ZmJmXkEyXkFqcGc@._V1_.jpg", "Elf mage Frieren and her fellow adventurers have defeated the Demon King and brought peace to the land. But Frieren will long outlive the rest of her former party. How will she come to understand what life means to the people arou...", "Animation, Adventure, Comedy", "0", "TV-14", "based on manga, magic, elf, shounen, journey", "JP", "429", "DOWN 20", "", "", "Atsumi Tanezaki, Kana Ichinose, Mallorie Rodak", "Atsumi Tanezaki, Kana Ichinose, Mallorie Rodak, Jill Harris", "", "", "", "", "", "Japanese, Portuguese, Spanish, English", "Dolby Digital", "1.78 : 1", "Color", "21", "36", "TV Series", "True", "False", "False"
"45", "The Beatles: Get Back", "8.9", "https://www.imdb.com/title/tt9735318/", "https://m.media-amazon.com/images/M/MV5BYmEzY2E0MDQtMTc3NS00OTM5LWIyMDMtMTliNThlOWQ5OWEyXkEyXkFqcGc@._V1_.jpg", "In January 1969, The Beatles set out to write and record new songs for their first live show in more than two years, culminating in an impromptu concert atop their Savile Row studio.", "Documentary, Biography, History", "0", "TV-MA", "group, title based on song, british culture, british history, 20th century", "GB", "1882", "UP 531", "", "", "The Beatles, John Lennon, Paul McCartney", "The Beatles, John Lennon, Paul McCartney, George Harrison", "", "", "", "USD 1,959,336", "Apple Corps, 3 Savile Row, Mayfair, London, England, UK", "English", "Dolby Digital", "1.85 : 1", "Color", "19", "13", "TV Mini Series", "True", "False", "False"
"46", "Dekalog", "8.9", "https://www.imdb.com/title/tt0092337/", "https://m.media-amazon.com/images/M/MV5BZmUzZjk0NjEtOTFjMC00NDI2LTkwZmEtZWIxYjVjNDEwNWZiXkEyXkFqcGc@._V1_.jpg", "Ten television drama films, each one based on one of the Ten Commandments.", "Drama", "0", "TV-MA", "ten commandments, morality, tv mini series, old testament, cuckolded husband", "PL", "1293", "DOWN 230", "", "", "Artur Barcis, Olgierd Łukaszewicz, Krystyna Janda", "Artur Barcis, Olgierd Łukaszewicz, Krystyna Janda, Henryk Baranowski", "", "USD 18,532", "USD 762,214", "USD 762,214", "Warsaw, Mazowieckie, Poland", "Polish", "Mono", "1.33 : 1", "Color", "10", "1", "TV Mini Series", "True", "False", "False"
"47", "Seinfeld", "8.8", "https://www.imdb.com/title/tt0098904/", "https://m.media-amazon.com/images/M/MV5BMmRjNjZjN2ItN2FkYi00ZDg0LWExN2EtMTU2ODUwNWU1M2NhXkEyXkFqcGc@._V1_.jpg", "The continuing misadventures of neurotic New York City stand-up comedian Jerry Seinfeld and his equally neurotic New York City friends.", "Comedy", "0", "TV-PG", "new york yankees, balding man, dating, based on standup comedy, wisecrack humor", "US", "233", "DOWN 10", "", "", "Jerry Seinfeld, Julia Louis-Dreyfus, Michael Richards", "Jerry Seinfeld, Julia Louis-Dreyfus, Michael Richards, Jason Alexander", "", "", "", "", "757 New Hampshire, Los Angeles, California, USA", "English, Spanish, Italian", "Dolby", "1.37 : 1, 4:3", "Color", "81", "199", "TV Series", "True", "False", "False"
"48", "Nathan for You", "8.9", "https://www.imdb.com/title/tt2297757/", "https://m.media-amazon.com/images/M/MV5BNDU5OTA3YWUtYTIxYi00MWEwLTljZDEtYjhiYjEwYmJhMGVlXkEyXkFqcGc@._V1_.jpg", "Nathan Fielder uses his business degree and life experiences to, in unorthodox ways, help real small businesses turn a profit.", "Documentary, Comedy", "0", "TV-14", "reenactment, businessman, quirky comedy, 2010s, 21st century", "US", "462", "DOWN 88", "", "", "Nathan Fielder, Anthony Filosa, Salomon Flores", "Nathan Fielder, Anthony Filosa, Salomon Flores, Brian S. Wolfe", "", "", "", "", "", "English", "", "16:9 HD", "Color", "3", "7", "TV Series", "True", "False", "False"
"49", "Kaubôi bibappu", "8.9", "https://www.imdb.com/title/tt0213338/", "https://m.media-amazon.com/images/M/MV5BMTU3ZTdiOGQtYmYwYy00OGM5LThmNjMtZGJmNTVlZjk1ZmEyXkEyXkFqcGc@._V1_.jpg", "Intergalactic loners team up to track down fugitives and turn them in for cold hard cash.", "Animation, Action, Adventure", "0", "TV-14", "bounty hunter, dark past, jazz music, hacker, spaceship", "JP", "674", "FLAT 0", "", "", "Koichi Yamadera, Unsho Ishizuka, Megumi Hayashibara", "Koichi Yamadera, Unsho Ishizuka, Megumi Hayashibara, Isshin Chiba", "", "", "", "", "", "Japanese, English", "Dolby Digital", "1.33 : 1", "Color", "0", "0", "TV Series", "True", "False", "False"
"50", "True Detective", "8.8", "https://www.imdb.com/title/tt2356777/", "https://m.media-amazon.com/images/M/MV5BYjgwYzA1NWMtNDYyZi00ZGQyLWI5NTktMDYwZjE2OTIwZWEwXkEyXkFqcGc@._V1_.jpg", "Anthology series in which police investigations unearth the personal and professional secrets of those involved, both within and outside the law.", "Crime, Drama, Mystery", "0", "TV-MA", "murder, female full frontal nudity, police investigation, police detective, southern gothic", "US", "55", "DOWN 13", "", "", "Vince Vaughn, Colin Farrell, Rachel McAdams", "Vince Vaughn, Colin Farrell, Rachel McAdams, Matthew McConaughey", "", "", "", "", "Arkansas, USA", "English", "Dolby Digital", "1.78 : 1", "Color", "48", "171", "TV Series", "True", "False", "False"
"51", "Apocalypse: La 2ème guerre mondiale", "9", "https://www.imdb.com/title/tt1508238/", "https://m.media-amazon.com/images/M/MV5BZDQwMjdmZTctODU5MS00NDFmLWFmODYtZTUzMzAzOTFlNTMwXkEyXkFqcGc@._V1_.jpg", "This six-part series traces the Second World War, from the rise of the Nazis to the surrender of the Japanese, with detailed portraits of key figures.", "Documentary, History, War", "0", "TV-MA", "military and war documentary, cannon fodder, institutional brutality, carnage, mass murder", "FR", "2218", "UP 180", "", "", "Mathieu Kassovitz, Martin Sheen, Adolf Hitler", "Mathieu Kassovitz, Martin Sheen, Adolf Hitler, Winston Churchill", "", "", "", "", "", "French", "", "", "", "0", "0", "TV Mini Series", "True", "False", "False"
"52", "Fargo", "8.8", "https://www.imdb.com/title/tt2802850/", "https://m.media-amazon.com/images/M/MV5BMjMzMTIzMTUwN15BMl5BanBnXkFtZTgwNjE0NTg0MTE@._V1_.jpg", "Various chronicles of deception, intrigue, and murder in and around frozen Minnesota. All of these tales mysteriously lead back one way or another to Fargo, North Dakota.", "Crime, Drama, Thriller", "0", "TV-MA", "dark comedy, police officer, female police officer, minnesota, based on film", "US", "112", "DOWN 7", "", "", "Billy Bob Thornton, Martin Freeman, Allison Tolman", "Billy Bob Thornton, Martin Freeman, Allison Tolman, Colin Hanks", "", "", "", "", "Calgary, Alberta, Canada", "English, German, Korean, Spanish, American Sign Language, French, Ukrainian, Hebrew, Russian", "Stereo, Dolby Digital", "1.78 : 1", "Color", "73", "322", "TV Series", "True", "False", "False"
"53", "Sahsiyet", "8.9", "https://www.imdb.com/title/tt7920978/", "https://m.media-amazon.com/images/M/MV5BMjM0NWYyZDAtOTZjMS00OGZiLWE0MWEtYjdiNDhiYzJkYjE4XkEyXkFqcGc@._V1_.jpg", "A man diagnosed with Alzheimer&apos;s decides to punish criminals.", "Crime, Drama, Mystery", "0", "TV-MA", "serial killer, rape, police, dead body, blood", "TR", "1119", "UP 26", "", "", "Haluk Bilginer, Şebnem Bozoklu, Recep Usta", "Haluk Bilginer, Şebnem Bozoklu, Recep Usta, Cansu Dere", "", "", "", "", "Beyoglu, Istanbul, Turkey", "Turkish", "Stereo", "16:9 HD", "Color", "5", "10", "TV Series", "True", "False", "False"
"54", "The Chosen", "9.1", "https://www.imdb.com/title/tt5622316/", "https://m.media-amazon.com/images/M/MV5BMDRiNmVjYmQtZDQ3Yy00MjA5LWFhYWYtYWMxYTE1NzEyZDNiXkEyXkFqcGc@._V1_.jpg", "The Chosen is a historical drama based on the life of Jesus and those who knew him. Set against the backdrop of Roman oppression in first-century Israel, the series shares an authentic look at Jesus&apos; revolutionary life and teachings.", "Biography, Drama, History", "0", "TV-PG", "new testament, bible, christianity, gospel, christian", "CA", "316", "DOWN 34", "", "", "Elizabeth Tabish, George H. Xanthis, Shahar Isaac", "Elizabeth Tabish, George H. Xanthis, Shahar Isaac, Jonathan Roumie", "", "", "", "USD 180,166", "Weatherford, Texas, USA", "English", "Stereo", "16:9 HD, 2.00 : 1", "Color", "7", "6", "TV Series", "True", "False", "False"
"55", "One Piece: Wan pîsu", "9", "https://www.imdb.com/title/tt0388629/", "https://m.media-amazon.com/images/M/MV5BMTNjNGU4NTUtYmVjMy00YjRiLTkxMWUtNzZkMDNiYjZhNmViXkEyXkFqcGc@._V1_.jpg", "A spirited young pirate sets sail with a growing crew in search of the legendary One Piece, facing dangerous seas and powerful rivals on his quest to become King of the Pirates.", "Animation, Action, Adventure", "0", "TV-14", "pirate, one piece, monkey d. luffy character, quest, treasure", "JP", "46", "UP 22", "", "", "Mayumi Tanaka, Akemi Okamura, Kazuya Nakai", "Mayumi Tanaka, Akemi Okamura, Kazuya Nakai, Kappei Yamaguchi", "JPY 10,000,000", "", "", "", "", "Japanese", "Stereo, Dolby Digital", "", "Color", "8", "20", "TV Series", "True", "False", "False"
"56", "Africa", "8.9", "https://www.imdb.com/title/tt2571774/", "https://m.media-amazon.com/images/M/MV5BNWIxM2MyYzItMzZkMC00YTI4LWI4M2UtNWNlYjk5MzU5YjY2XkEyXkFqcGc@._V1_.jpg", "Africa, the world&apos;s wildest continent. David Attenborough takes an awe-inspiring journey through one of the most diverse places in the world. We visit deserts, savannas, and jungles and meet up with some of Africa&apos;s amazing wildlife.", "Documentary, Family", "0", "TV-PG", "jungle, docuseries documentary, africa, nature documentary, nature", "GB", "3314", "UP 484", "", "", "David Attenborough, Simon Blakeney, Justine Evans", "David Attenborough, Simon Blakeney, Justine Evans, Mark Deeble", "", "", "", "", "", "English", "Dolby Digital", "16:9 HD", "Color", "2", "3", "TV Mini Series", "True", "False", "False"
"57", "The West Wing", "8.9", "https://www.imdb.com/title/tt0200276/", "https://m.media-amazon.com/images/M/MV5BY2I2Mzc0YjItN2I3MS00NjNjLWE5OWUtYmQzMjkxZjIwOGY5XkEyXkFqcGc@._V1_.jpg", "Follows US president Josiah Bartlet and his administration as they tackle various political issues in order to maintain peace and harmony in the nation.", "Drama", "0", "TV-14", "dialogue driven, the white house washington d.c., american politician, political drama, president", "US", "235", "UP 18", "", "", "Martin Sheen, Rob Lowe, Allison Janney", "Martin Sheen, Rob Lowe, Allison Janney, John Spencer", "USD 2,000,000", "", "", "", "Alexandria, Virginia, USA", "English", "Dolby", "", "Color", "123", "264", "TV Series", "True", "False", "False"
"58", "Bleach: Sennen Kessen-hen", "9", "https://www.imdb.com/title/tt14986406/", "https://m.media-amazon.com/images/M/MV5BMjgyM2QzMjAtOGZjOS00OGFkLTkxZGYtMDJjZGM5MzIzYmM3XkEyXkFqcGc@._V1_.jpg", "The peace is suddenly broken when warning sirens blare through the Soul Society. Residents are disappearing without a trace and nobody knows who&apos;s behind it. Meanwhile, a darkness is approaching Ichigo and his friends in Karakura ...", "Animation, Action, Adventure", "0", "TV-14", "urban adventure, based on manga, sequel, sequel to tv series, martial arts", "JP", "113", "DOWN 41", "", "", "Masakazu Morita, Johnny Yong Bosch, Fumiko Orikasa", "Masakazu Morita, Johnny Yong Bosch, Fumiko Orikasa, Hiroki Yasumoto", "", "", "", "", "", "Japanese, English", "Dolby Digital", "16:9 HD", "Color", "0", "16", "TV Series", "True", "False", "False"
"59", "Pokssak sogatsuda", "9", "https://www.imdb.com/title/tt26471411/", "https://m.media-amazon.com/images/M/MV5BNDU5NTY2YjgtNGZjNy00MTk2LWExM2QtOTdlMjhjZTE5MTMxXkEyXkFqcGc@._V1_.jpg", "In Jeju, a spirited girl and a steadfast boy&apos;s island story blossoms into a lifelong tale of setbacks and triumphs, proving love endures across time.", "Drama, History, Romance", "0", "TV-14", "poet, mother daughter relationship, restaurant, struggle over money, fishing boat", "KR", "532", "UP 22", "", "", "IU, Park Bo-gum, Moon So-ri", "IU, Park Bo-gum, Moon So-ri, Park Hae-joon", "", "", "", "", "Jeju Island, South Korea", "Korean", "Dolby Digital", "2.00 : 1", "Color", "11", "6", "TV Mini Series", "True", "False", "False"
"60", "Friends", "8.8", "https://www.imdb.com/title/tt0108778/", "https://m.media-amazon.com/images/M/MV5BOTU2YmM5ZjctOGVlMC00YTczLTljM2MtYjhlNGI5YWMyZjFkXkEyXkFqcGc@._V1_.jpg", "The personal and professional lives of six friends living in the Manhattan borough of New York City.", "Comedy, Romance", "0", "TV-14", "friendship, new york city, friend, boyfriend girlfriend relationship, famous opening theme", "US", "97", "DOWN 6", "", "", "Jennifer Aniston, Courteney Cox, Lisa Kudrow", "Jennifer Aniston, Courteney Cox, Lisa Kudrow, Matt LeBlanc", "", "USD 246,168", "USD 89,007", "USD 89,007", "Las Vegas, Nevada, USA", "English, Spanish, Italian, French, Dutch, Hebrew", "Stereo", "1.33 : 1, 4:3", "Color", "79", "231", "TV Series", "True", "False", "False"
"61", "When They See Us", "8.8", "https://www.imdb.com/title/tt7137906/", "https://m.media-amazon.com/images/M/MV5BMGU0MDIzZTAtYjBjZi00ZDQ1LThlYzctNWJkOWU4NTI5OWNkXkEyXkFqcGc@._V1_.jpg", "Five teens from Harlem become trapped in a nightmare when they&apos;re falsely accused of a brutal attack in Central Park. Based on the true story.", "Biography, Crime, Drama", "0", "TV-MA", "new york city, rape accusation, suffering, 14 year old, 1980s", "US", "718", "DOWN 21", "", "", "Asante Blackk, Caleel Harris, Ethan Herisse", "Asante Blackk, Caleel Harris, Ethan Herisse, Marquis Rodriguez", "", "", "", "", "New York City, New York, USA", "English, Spanish", "Dolby Digital", "2.00 : 1", "Color", "31", "78", "TV Mini Series", "True", "False", "False"
"62", "It&apos;s Always Sunny in Philadelphia", "8.8", "https://www.imdb.com/title/tt0472954/", "https://m.media-amazon.com/images/M/MV5BZjkxZWUzNGEtNWFjZi00MDJmLWI2ODctMDRiZTdhY2RiNmZkXkEyXkFqcGc@._V1_.jpg", "Five friends with big egos and small brains are the proprietors of an Irish pub in Philadelphia.", "Comedy", "0", "TV-MA", "irish pub, pub, homoerotic friendship, alcohol, gay", "US", "64", "DOWN 12", "", "", "Charlie Day, Glenn Howerton, Rob Mac", "Charlie Day, Glenn Howerton, Rob Mac, Kaitlin Olson", "", "", "", "", "Philadelphia, Pennsylvania, USA", "English", "Stereo", "1.78 : 1, 16:9 HD", "Color", "4", "17", "TV Series", "True", "False", "False"
"63", "TVF Pitchers", "9", "https://www.imdb.com/title/tt4742876/", "https://m.media-amazon.com/images/M/MV5BZDYxYTQxM2MtMDkxYi00ZjgzLTg0ODEtMWEzZjYzZTM5OGRiXkEyXkFqcGc@._V1_.jpg", "A story of trials and tribulations of four young entrepreneurs who quit their day jobs in order to pursue their start up venture.", "Comedy, Drama", "0", "TV-MA", "tvf, start up, entrepreneur, workplace drama, quirky comedy", "IN", "2275", "UP 383", "", "", "Naveen Kasturia, Arunabh Kumar, Abhay Mahajan", "Naveen Kasturia, Arunabh Kumar, Abhay Mahajan, Gopal Datt", "", "", "", "", "", "Hindi, English", "", "", "Color", "8", "9", "TV Series", "True", "False", "False"
"64", "Vinland Saga", "8.9", "https://www.imdb.com/title/tt10233448/", "https://m.media-amazon.com/images/M/MV5BNDA3MGNmZTEtMzFiMy00ZmViLThhNmQtMjQ4ZDc5MDEyN2U1XkEyXkFqcGc@._V1_.jpg", "Following a tragedy, Thorfinn embarks on a journey with the man responsible for it to take his life in a duel as a true and honorable warrior.", "Animation, Action, Adventure", "0", "TV-MA", "anime, mature animation, violence, gore, 11th century", "JP", "283", "UP 32", "", "", "Shinya Takahashi, Yûto Uemura, Mike Haimoto", "Shinya Takahashi, Yûto Uemura, Mike Haimoto, Hiroki Gotô", "", "", "", "", "", "Japanese, English", "Dolby Digital", "16:9 HD", "Color", "10", "40", "TV Series", "True", "False", "False"
"65", "Last Week Tonight with John Oliver", "8.8", "https://www.imdb.com/title/tt3530232/", "https://m.media-amazon.com/images/M/MV5BZDM5YzVhYWYtMjUzMy00OTBhLThhYzAtNjEzN2IwMzk4ZWVlXkEyXkFqcGc@._V1_.jpg", "Former Daily Show host and correspondent John Oliver brings his persona to this weekly news satire program.", "Comedy, News, Talk-Show", "0", "TV-MA", "news satire, late night talk show, 2010s, 2020s, 21st century", "US", "1758", "DOWN 293", "", "", "John Oliver, David Kaye, Donald Trump", "John Oliver, David Kaye, Donald Trump, Ryan Barger", "", "", "", "", "CBS Broadcast Center, Manhattan, New York City, New York, USA", "English", "", "16:9 HD", "Color", "99", "134", "TV Series", "True", "False", "False"
"66", "Succession", "8.8", "https://www.imdb.com/title/tt7660850/", "https://m.media-amazon.com/images/M/MV5BYTY4YTVkY2QtMjRmOS00YzliLWIxOWQtMTdkOTVkN2UzODNmXkEyXkFqcGc@._V1_.jpg", "The Roy family is known for controlling the biggest media and entertainment company in the world. However, their world changes when their father steps down from the company.", "Comedy, Drama", "0", "TV-MA", "business, media empire, wealth, dysfunctional family, betrayal", "US", "79", "DOWN 19", "", "", "Nicholas Braun, Brian Cox, Kieran Culkin", "Nicholas Braun, Brian Cox, Kieran Culkin, Peter Friedman", "", "", "", "", "Dundee, Scotland, UK", "English", "Dolby Surround 7.1", "1.78 : 1", "Color", "142", "265", "TV Series", "True", "False", "False"
"67", "BoJack Horseman", "8.8", "https://www.imdb.com/title/tt3398228/", "https://m.media-amazon.com/images/M/MV5BZmMwMDlkNTEtMmQzZS00ODQ0LWJlZmItOTgwYWMwZGM4MzFiXkEyXkFqcGc@._V1_.jpg", "BoJack Horseman was the star of the hit television show &quot;Horsin&apos; Around&quot; in the &apos;80s and &apos;90s, but now he&apos;s washed up, living in Hollywood, complaining about everything, and wearing colorful sweaters.", "Animation, Comedy, Drama", "0", "TV-MA", "sadness, dark comedy, depression, anthropomorphism, talking animal", "US", "325", "DOWN 18", "", "", "Will Arnett, Amy Sedaris, Alison Brie", "Will Arnett, Amy Sedaris, Alison Brie, Aaron Paul", "", "", "", "", "", "English", "Dolby Digital", "16:9 HD", "Color", "35", "43", "TV Series", "True", "False", "False"
"68", "Curb Your Enthusiasm", "8.8", "https://www.imdb.com/title/tt0264235/", "https://m.media-amazon.com/images/M/MV5BZmFiZDY2ZDItZDliOC00Y2JhLTliMWYtODkzMTA0YmIwZDA3XkEyXkFqcGc@._V1_.jpg", "Larry David stars as an over-the-top version of himself in this comedy series that shows how seemingly trivial details of day-to-day life can precipitate a catastrophic chain of events.", "Comedy", "0", "TV-MA", "husband wife relationship, unlucky, bad luck, misperception, misconception", "US", "277", "DOWN 78", "", "", "Larry David, Cheryl Hines, Jeff Garlin", "Larry David, Cheryl Hines, Jeff Garlin, Susie Essman", "", "", "", "", "537 Moreno Avenue, Los Angeles, California, USA", "English", "Dolby Digital", "", "Color", "22", "186", "TV Series", "True", "False", "False"
"69", "Panchayat", "9", "https://www.imdb.com/title/tt12004706/", "https://m.media-amazon.com/images/M/MV5BNjMwYWMxNjYtY2I2NC00OWE0LTg4MmQtMmI5ZGI2NzU4ODhiXkEyXkFqcGc@._V1_.jpg", "A comedy-drama, which captures the journey of an engineering graduate Abhishek, who for lack of a better job option joins as secretary of a Panchayat office in a remote village of Uttar Pradesh.", "Comedy, Drama", "0", "TV-14", "rural india, village politics, slice of life, village, gram panchayat", "IN", "1151", "DOWN 164", "", "", "Jitendra Kumar, Raghubir Yadav, Chandan Roy", "Jitendra Kumar, Raghubir Yadav, Chandan Roy, Faisal Malik", "", "", "", "", "", "Hindi", "D-Cinema 48kHz 5.1, Stereo", "16:9 HD", "Color", "85", "114", "TV Series", "True", "False", "False"
"70", "Das Boot", "8.8", "https://www.imdb.com/title/tt0081834/", "https://m.media-amazon.com/images/M/MV5BZjkzZGM2MGMtN2NjNC00ZWIwLWE2NWItZTVlYmU2NDQ0MzczXkEyXkFqcGc@._V1_.jpg", "A World War II German U-Boat crew have a terrifying patrol mission in the early days of the war.", "Drama, War", "0", "TV-MA", "german submarine, nazi u boat, submarine crew, tv series version of movie, 20th century", "XWG", "2735", "DOWN 59", "", "", "Jürgen Prochnow, Herbert Grönemeyer, Klaus Wennemann", "Jürgen Prochnow, Herbert Grönemeyer, Klaus Wennemann, Hubertus Bengsch", "", "", "", "", "La Pallice, La Rochelle, Charente-Maritime, France", "German, French, English", "Dolby Stereo", "", "Color", "3", "0", "TV Mini Series", "True", "False", "False"
"71", "Monty Python&apos;s Flying Circus", "8.8", "https://www.imdb.com/title/tt0063929/", "https://m.media-amazon.com/images/M/MV5BZDkyZjUyOTUtYWI3Zi00YTJhLTk3MDMtY2Q2MGM1ZjFhNTRkXkEyXkFqcGc@._V1_.jpg", "The original surreal sketch comedy showcase for the Monty Python troupe.", "Comedy", "0", "TV-14", "actor playing multiple roles, monty python, sketch comedy, surrealism, crossdressing", "GB", "2286", "DOWN 52", "", "", "Graham Chapman, John Cleese, Terry Gilliam", "Graham Chapman, John Cleese, Terry Gilliam, Eric Idle", "", "", "", "", "BBC Television Centre, Wood Lane, Shepherd's Bush, London, England, UK", "English, Arabic, French, German, Italian, Mandarin, Spanish", "Mono, Stereo", "1.33 : 1", "Color", "4", "7", "TV Series", "True", "False", "False"
"72", "Fawlty Towers", "8.8", "https://www.imdb.com/title/tt0072500/", "https://m.media-amazon.com/images/M/MV5BODM5YWE5NDAtZTU4MC00YWI0LThjMjItNTlhMTQ5Y2Y5NWJiXkEyXkFqcGc@._V1_.jpg", "Hotel owner Basil Fawlty&apos;s incompetence, short fuse, and arrogance form a combination that ensures accidents and trouble are never far away.", "Comedy", "0", "TV-PG", "class prejudice, snob, slapstick comedy, britcom, written by star", "GB", "1283", "UP 14", "", "", "John Cleese, Prunella Scales, Andrew Sachs", "John Cleese, Prunella Scales, Andrew Sachs, Connie Booth", "", "", "", "", "Wooburn Grange Country Club, Bourne End, Buckinghamshire, England, UK", "English, Spanish", "Mono", "1.33 : 1", "Color", "7", "2", "TV Series", "True", "False", "False"
"73", "Gullak", "9.1", "https://www.imdb.com/title/tt10530900/", "https://m.media-amazon.com/images/M/MV5BZGE3NTA0MDQtZmM3NC00ZmUwLWJmODktMWZkNTczN2JiYzA0XkEyXkFqcGc@._V1_.jpg", "Set in quaint by-lanes in the heart of India, Gullak is a collection of disarming and relatable tales of the Mishra family.", "Comedy, Drama, Family", "0", "", "web series, middle class family, slice of life, family relationships, quirky comedy", "IN", "1925", "UP 102", "", "", "Jameel Khan, Geetanjali Kulkarni, Harsh Mayar", "Jameel Khan, Geetanjali Kulkarni, Harsh Mayar, Vaibhav Raj Gupta", "", "", "", "", "", "Hindi", "Dolby Digital", "1.85 : 1", "Color", "29", "49", "TV Series", "True", "False", "False"
"74", "Dragon Ball Z", "8.8", "https://www.imdb.com/title/tt0214341/", "https://m.media-amazon.com/images/M/MV5BN2VlNTdlMzQtYzE5OC00YmYwLTgyZTItYjEzMWY0ZDNjMTJhXkEyXkFqcGc@._V1_.jpg", "With the help of the powerful Dragonballs, a team of fighters led by the saiyan warrior Goku defend the planet earth from extraterrestrial enemies.", "Animation, Action, Adventure", "0", "TV-PG", "actor voicing multiple characters, antihero, cult favorite, friend, old man", "JP", "805", "UP 12", "", "", "Doc Harris, Christopher Sabat, Scott McNeil", "Doc Harris, Christopher Sabat, Scott McNeil, Sean Schemmel", "", "", "", "", "", "Japanese, English", "Mono", "1.33 : 1", "Color", "0", "0", "TV Series", "True", "False", "False"
"75", "Blackadder Goes Forth", "8.8", "https://www.imdb.com/title/tt0096548/", "https://m.media-amazon.com/images/M/MV5BM2ZiODg3ZWQtMzcyMC00MTRhLWI2MjItNjk5OTdlOTRiMGRiXkEyXkFqcGc@._V1_.jpg", "Stuck in the middle of World War I, Captain Edmund Blackadder does his best to escape the banality of the war.", "Comedy, War", "0", "TV-PG", "world war one, 1910s, sequel, british army, captain", "GB", "2639", "DOWN 750", "", "", "Rowan Atkinson, Tony Robinson, Stephen Fry", "Rowan Atkinson, Tony Robinson, Stephen Fry, Hugh Laurie", "", "", "", "", "Colchester Garrison, Colchester, Essex, England, UK", "English", "Stereo", "1.33 : 1", "Color", "3", "0", "TV Series", "True", "False", "False"
"76", "Dragon Ball Z: Doragon bôru zetto", "8.8", "https://www.imdb.com/title/tt0121220/", "https://m.media-amazon.com/images/M/MV5BMTM4YmEzMjUtOWViNS00NTE0LTk2YmEtZjYwMGUyZDk5NjM4XkEyXkFqcGc@._V1_.jpg", "Goku, his son Gohan and their allies defend Earth from increasingly powerful enemies, pushing their extraordinary abilities to the limit in battles that reach far beyond the planet.", "Animation, Action, Adventure", "0", "TV-PG", "campy, shonen anime animation, martial arts action, famous opening theme, father son relationship", "JP", "2121", "DOWN 405", "", "", "Masako Nozawa, Joji Yanami, Mayumi Tanaka", "Masako Nozawa, Joji Yanami, Mayumi Tanaka, Ryo Horikawa", "", "", "", "", "", "Japanese", "Stereo", "", "Color", "0", "0", "TV Series", "True", "False", "False"
"77", "Leyla ile Mecnun", "9", "https://www.imdb.com/title/tt1831164/", "https://m.media-amazon.com/images/M/MV5BNzQ4ZTMxM2UtYTY2MS00NjlmLTlmNmYtYWFmMjMyMzZmZjZkXkEyXkFqcGc@._V1_.jpg", "This unique, heartwarming show follows the extraordinary journey of a couple named Leyla (Ezgi Asaroglu) and Mecnun (Ali Atay). The series has garnered a massive fan base and critical acclaim.", "Adventure, Comedy, Drama", "0", "TV-PG", "character names as title, epic story, unforgettable love, first kiss in space, tragic ending", "TR", "2641", "DOWN 540", "", "", "Ali Atay, Cengiz Bozkurt, Serkan Keskin", "Ali Atay, Cengiz Bozkurt, Serkan Keskin, Osman Sonant", "", "", "", "", "Kirecburnu, Sariyer, Istanbul, Turkey", "Turkish", "Stereo", "16:9 HD", "Color", "4", "6", "TV Series", "True", "False", "False"
"78", "Chappelle&apos;s Show", "8.8", "https://www.imdb.com/title/tt0353049/", "https://m.media-amazon.com/images/M/MV5BNzgxYTFlMjYtMWM0MC00ZjQzLWJjMjUtNDZhNGE0Yzg2YmRjXkEyXkFqcGc@._V1_.jpg", "Comedian Dave Chappelle hosts this sketch-comedy show that parodies many of the nuances of race and culture.", "Comedy, Music", "0", "TV-MA", "actor name in series title, two word series title, absurd comedy, television channel, tv program", "US", "2321", "DOWN 620", "", "", "Dave Chappelle, Donnell Rawlings, Neal Brennan", "Dave Chappelle, Donnell Rawlings, Neal Brennan, Rudy Rush", "", "", "", "", "New York City, New York, USA", "English", "Stereo", "1.33 : 1", "Color", "7", "16", "TV Series", "True", "False", "False"
"79", "Freaks and Geeks", "8.7", "https://www.imdb.com/title/tt0193676/", "https://m.media-amazon.com/images/M/MV5BNDk4MTRlZjMtYTMxYi00ZjdkLWEyYjYtZjg1NjBlMzY2MDIzXkEyXkFqcGc@._V1_.jpg", "A high school mathlete starts hanging out with a group of burnouts while her younger brother navigates his freshman year.", "Comedy, Drama", "0", "TV-14", "chippewa michigan, 20th century, year 1980, year 1981, reference to william mckinley", "US", "814", "DOWN 147", "", "", "Linda Cardellini, John Francis Daley, James Franco", "Linda Cardellini, John Francis Daley, James Franco, Samm Levine", "USD 1,500,000", "", "", "", "Ulysses S. Grant High School - 13000 Oxnard St, Van Nuys, California, USA", "English", "Dolby", "16:9 HD (remastered), 1.33 : 1", "Color", "4", "16", "TV Series", "True", "False", "False"
"80", "Pride and Prejudice", "8.8", "https://www.imdb.com/title/tt0112130/", "https://m.media-amazon.com/images/M/MV5BYzNkMjRmZGMtODg1Ni00MjIxLWI4MTYtOGEwM2YyMmZiMjUzXkEyXkFqcGc@._V1_.jpg", "While the arrival of wealthy gentlemen sends her marriage-minded mother into a frenzy, willful and opinionated Elizabeth Bennet matches wits with haughty Mr. Darcy.", "Drama, Romance", "0", "TV-PG", "tv mini series, pride and prejudice, class consciousness, matchmaking, opposites attract", "GB", "868", "DOWN 135", "", "", "Colin Firth, Jennifer Ehle, Alison Steadman", "Colin Firth, Jennifer Ehle, Alison Steadman, Julia Sawalha", "GBP 6,000,000", "", "", "", "Lyme Park, Disley, Stockport, Cheshire, England, UK", "English", "Dolby", "1.66 : 1", "Color", "9", "14", "TV Mini Series", "True", "False", "False"
"81", "Eungdaphara 1988", "9", "https://www.imdb.com/title/tt5182866/", "https://m.media-amazon.com/images/M/MV5BZDBiNDE1NzUtYmU0OS00YmUxLTljODUtOTczNDE3ZGQ0MmYzXkEyXkFqcGc@._V1_.jpg", "Five childhood friends, who all live in the same Ssangmundong neighborhood of Seoul in 1988, lean on each other to survive their challenging teen years and set a path for their futures.", "Comedy, Drama, Family", "0", "", "year 1988, korean drama, kdrama, k drama, coming of age drama", "KR", "1208", "UP 91", "", "", "Lee Hyeri, Park Bo-gum, Ryu Jun-yeol", "Lee Hyeri, Park Bo-gum, Ryu Jun-yeol, Go Kyung-pyo", "", "", "", "", "", "Korean", "Dolby Digital", "", "Color", "8", "19", "TV Series", "True", "False", "False"
"82", "Twin Peaks", "8.7", "https://www.imdb.com/title/tt0098936/", "https://m.media-amazon.com/images/M/MV5BMTExNzk2NjcxNTNeQTJeQWpwZ15BbWU4MDcxOTczOTIx._V1_.jpg", "An idiosyncratic FBI agent investigates the murder of a young woman in the even more idiosyncratic town of Twin Peaks.", "Crime, Drama, Mystery", "0", "TV-MA", "mysterious death, small town, murder, surrealism, cult tv", "US", "166", "DOWN 1", "", "", "Kyle MacLachlan, Michael Ontkean, Mädchen Amick", "Kyle MacLachlan, Michael Ontkean, Mädchen Amick, Dana Ashbrook", "", "", "", "", "Salish Lodge & Spa - 6501 Railroad Ave North, Snoqualmie, Washington, USA", "English, Icelandic, Afrikaans, Norwegian", "Stereo, Dolby Surround 7.1", "1.33 : 1", "Color", "19", "45", "TV Series", "True", "False", "False"
"83", "Narcos", "8.7", "https://www.imdb.com/title/tt2707408/", "https://m.media-amazon.com/images/M/MV5BNzQwOTcwMzIwN15BMl5BanBnXkFtZTgwMjYxMTA0NjE@._V1_.jpg", "A chronicled look at the criminal exploits of Colombian drug lord Pablo Escobar, as well as the many other drug kingpins who plagued the country through the years.", "Biography, Crime, Drama", "0", "TV-MA", "colombia, rape, based on true story, gangster, prostitute", "US", "405", "DOWN 44", "", "", "Pedro Pascal, Wagner Moura, Boyd Holbrook", "Pedro Pascal, Wagner Moura, Boyd Holbrook, Alberto Ammann", "", "", "", "", "Bogotá, Colombia", "English, Spanish", "Dolby Digital", "", "Color", "9", "22", "TV Series", "True", "False", "False"
"84", "I, Claudius", "8.8", "https://www.imdb.com/title/tt0074006/", "https://m.media-amazon.com/images/M/MV5BZmIwMjNkMzMtZDM0Ny00YjVkLTkzNDQtYWFiNmQxOTc3MDZmXkEyXkFqcGc@._V1_.jpg", "The personal and governmental affairs of the Julio-Claudian dynasty at the beginning of the Roman Empire, as recalled by one of its rulers.", "Biography, Drama, History", "0", "Not Rated", "roman emperor, roman empire, 1st century, sword and sandal action, roman empire politics", "GB", "1945", "DOWN 303", "", "", "Derek Jacobi, John Hurt, Siân Phillips", "Derek Jacobi, John Hurt, Siân Phillips, George Baker", "", "", "", "", "", "English, German", "Mono", "1.33 : 1", "Color", "7", "5", "TV Mini Series", "True", "False", "False"
"85", "Kota Factory", "9", "https://www.imdb.com/title/tt9432978/", "https://m.media-amazon.com/images/M/MV5BY2U5MjY1NWEtZDI2MS00NTlhLWEyODQtYzE0MzY3NDUyNzE3XkEyXkFqcGc@._V1_.jpg", "In a city of coaching centers known to train India’s finest collegiate minds, an earnest but unexceptional student and his friends navigate campus life.", "Comedy, Drama", "0", "TV-14", "web series, competition, engineering, iit jee, city in title", "IN", "2292", "DOWN 282", "", "", "Mayur More, Jitendra Kumar, Ranjan Raj", "Mayur More, Jitendra Kumar, Ranjan Raj, Alam Khan", "", "", "", "", "Kota, Rajasthan, India", "Hindi", "Stereo", "16:9 HD", "Black and White", "18", "31", "TV Series", "True", "False", "False"
"86", "South Park", "8.7", "https://www.imdb.com/title/tt0121955/", "https://m.media-amazon.com/images/M/MV5BNTBlMzA3ZTUtODZjNi00NTM0LWExMjMtNjJhYzA3YTkwMWYwXkEyXkFqcGc@._V1_.jpg", "The misadventures of four foul-mouthed, dirty-minded, irreverent grade-schoolers who live in the quiet, dysfunctional mountain town of South Park, Colorado.", "Animation, Comedy", "0", "TV-MA", "colorado, social satire, political humor, profanity, dysfunctional society", "US", "36", "UP 8", "", "", "Trey Parker, Matt Stone, Isaac Hayes", "Trey Parker, Matt Stone, Isaac Hayes, Mona Marshall", "", "", "", "", "USA", "English", "Dolby Stereo", "1.33 : 1, 1.78 : 1", "Color", "24", "101", "TV Series", "True", "False", "False"
"87", "Kenpuu Denki Berserk", "8.8", "https://www.imdb.com/title/tt0318871/", "https://m.media-amazon.com/images/M/MV5BMzEzMzhkNDgtY2Q0YS00MDk0LTg0YzItODY5ZjNjMDc4ODI3XkEyXkFqcGc@._V1_.jpg", "Guts, a wandering mercenary, joins the Band of the Hawk after being defeated in a duel by Griffith, the group&apos;s leader and founder. Together, they dominate every battle, but something menacing lurks in the shadows.", "Animation, Action, Adventure", "0", "TV-MA", "dark fantasy, sword fighting, cruelty, demon, duel", "JP", "562", "DOWN 24", "", "", "Marc Diraison, Nobutoshi Canna, Carrie Keranen", "Marc Diraison, Nobutoshi Canna, Carrie Keranen, Unsho Ishizuka", "", "", "", "", "", "Japanese, English", "Stereo", "1.33 : 1", "Color", "0", "0", "TV Series", "True", "False", "False"
"88", "Steins;Gate", "8.8", "https://www.imdb.com/title/tt1910272/", "https://m.media-amazon.com/images/M/MV5BZjI1YjZiMDUtZTI3MC00YTA5LWIzMmMtZmQ0NTZiYWM4NTYwXkEyXkFqcGc@._V1_.jpg", "After discovering time travel, a university student and his colleagues must use their knowledge of it to stop an evil organization and their diabolical plans.", "Animation, Comedy, Drama", "0", "TV-14", "time travel, time loop, science, anime, microwave", "JP", "618", "UP 6", "", "", "Mamoru Miyano, Asami Imai, Kana Hanazawa", "Mamoru Miyano, Asami Imai, Kana Hanazawa, Ashly Burch", "", "", "", "", "Los Angeles, California, USA", "Japanese, English", "Stereo", "1.78 : 1, 16:9 HD", "Color", "0", "1", "TV Series", "True", "False", "False"
"89", "Over the Garden Wall", "8.7", "https://www.imdb.com/title/tt3718778/", "https://m.media-amazon.com/images/M/MV5BOTA2MTdhZmItODM3NS00ZmFlLWE4YWYtOWYxODBmNGU5YjRjXkEyXkFqcGc@._V1_.jpg", "Two brothers find themselves lost in a mysterious land and try to find their way home.", "Animation, Short, Adventure", "0", "TV-PG", "dark fantasy, folk horror, forest, brother brother relationship, child protagonist", "US", "260", "UP 91", "", "", "Elijah Wood, Collin Dean, Melanie Lynskey", "Elijah Wood, Collin Dean, Melanie Lynskey, Christopher Lloyd", "", "", "", "", "", "English", "Stereo", "16:9 HD", "Color", "4", "9", "TV Mini Series", "True", "False", "False"
"90", "Naui ajusshi", "9", "https://www.imdb.com/title/tt7923710/", "https://m.media-amazon.com/images/M/MV5BNmI5MWJiOGQtZDk0Yy00ZDg1LWE3MjQtNGVmNzAxYmEzNmExXkEyXkFqcGc@._V1_.jpg", "A man in his 40s withstands the weight of life. A woman in her 20s goes through different experiences, but also withstands the weight of her life. The man and woman get together to help each other.", "Drama", "0", "TV-14", "infidelity, structural engineer, 2010s, slice of life, nice male lead", "KR", "1341", "DOWN 39", "", "", "Lee Sun-kyun, IU, Lee Ji-ah", "Lee Sun-kyun, IU, Lee Ji-ah, Park Ho-san", "", "", "", "", "", "Korean", "Dolby Digital", "1080i(HDTV), 16:9 HD", "Color", "4", "6", "TV Series", "True", "False", "False"
"91", "Black Mirror", "8.7", "https://www.imdb.com/title/tt2085059/", "https://m.media-amazon.com/images/M/MV5BODcxMWI2NDMtYTc3NC00OTZjLWFmNmUtM2NmY2I1ODkxYzczXkEyXkFqcGc@._V1_.jpg", "Featuring stand-alone dramas -- sharp, suspenseful, satirical tales that explore techno-paranoia -- &quot;Black Mirror&quot; is a contemporary reworking of &quot;The Twilight Zone&quot; with stories that tap into the collective unease about the moder...", "Crime, Drama, Mystery", "0", "TV-MA", "anthology, dystopia, technology, dystopian future, dark satire", "GB", "92", "DOWN 6", "", "", "Anjana Vasan, Cristin Milioti, Jesse Plemons", "Anjana Vasan, Cristin Milioti, Jesse Plemons, Aaron Paul", "", "", "", "USD 320,000", "Toronto, Ontario, Canada", "English", "Stereo, Dolby Digital", "1.33 : 1", "Color", "49", "186", "TV Series", "True", "False", "False"
"92", "Peaky Blinders", "8.7", "https://www.imdb.com/title/tt2442560/", "https://m.media-amazon.com/images/M/MV5BOGM0NGY3ZmItOGE2ZC00OWIxLTk0N2EtZWY4Yzg3ZDlhNGI3XkEyXkFqcGc@._V1_.jpg", "A gangster family epic set in 1919 Birmingham, England; centered on a gang who sew razor blades in the peaks of their caps, and their fierce boss Tommy Shelby.", "Crime, Drama", "0", "TV-MA", "gangster, birmingham england, crime boss, 1920s, gang war", "GB", "134", "DOWN 9", "", "", "Cillian Murphy, Paul Anderson, Sophie Rundle", "Cillian Murphy, Paul Anderson, Sophie Rundle, Helen McCrory", "", "", "", "", "Port Sunlight, Wirral, Merseyside, England, UK", "English, Romanian, Irish Gaelic, Italian, Yiddish, French", "Stereo", "1.78 : 1", "Color", "25", "56", "TV Series", "True", "False", "False"
"93", "Ted Lasso", "8.7", "https://www.imdb.com/title/tt10986410/", "https://m.media-amazon.com/images/M/MV5BM2ZlYTU0YWUtMzY4OC00N2JkLTk1ZGQtN2UxNWJhMTBkMzM4XkEyXkFqcGc@._V1_.jpg", "American college football coach Ted Lasso is hired to manage AFC Richmond, a struggling English soccer club, and must win over skeptical players, staff, and fans.", "Comedy, Sport", "0", "TV-MA", "soccer, strong female character, american abroad, american in england, ex husband ex wife relationship", "US", "5", "UP 5", "", "", "Jason Sudeikis, Hannah Waddingham, Jeremy Swift", "Jason Sudeikis, Hannah Waddingham, Jeremy Swift, Juno Temple", "", "", "", "", "Hayes & Yeading United Football Club, SkyEX Community Stadium, Beaconsfield Road, Hayes, Greater London, England, UK", "English", "Stereo", "1.78 : 1", "Color", "75", "213", "TV Series", "True", "False", "False"
"94", "Six Feet Under", "8.7", "https://www.imdb.com/title/tt0248654/", "https://m.media-amazon.com/images/M/MV5BY2Q0YTQ4NGItMDc2YS00M2VhLTg1ZmUtNDVkMWM1MWJlNjc0XkEyXkFqcGc@._V1_.jpg", "When death is your business, what is your life? Laced with irony and dark situational humor, the show approaches the subject of death through the eyes of the Fisher family, who owns and operates a funeral home in Los Angeles.", "Comedy, Drama", "0", "TV-MA", "funeral home, talking to the dead, female nudity, female full frontal nudity, female frontal nudity", "US", "262", "DOWN 33", "", "", "Peter Krause, Michael C. Hall, Frances Conroy", "Peter Krause, Michael C. Hall, Frances Conroy, Lauren Ambrose", "", "", "", "", "Auguste R. Marquis Residence - 2302 W 25th St, Los Angeles, California, USA", "English", "Dolby Digital", "", "Color", "62", "165", "TV Series", "True", "False", "False"
"95", "Monster", "8.8", "https://www.imdb.com/title/tt0434706/", "https://m.media-amazon.com/images/M/MV5BYzU2MWQ5NGQtYmNlMC00ZjJkLWJmODItZDM5MDM3YmUyMWJkXkEyXkFqcGc@._V1_.jpg", "Tenma, a brilliant neurosurgeon with a promising future, risks his career to save the life of a critically wounded young boy. The boy, now a charismatic young man, reappears 9 years later in the midst of a string of unusual serial...", "Animation, Crime, Drama", "0", "TV-14", "nihilism, seinen anime animation, good versus evil, suicide, arson", "JP", "400", "DOWN 29", "", "", "Hidenobu Kiuchi, Liam O'Brien, Eiji Hanawa", "Hidenobu Kiuchi, Liam O'Brien, Eiji Hanawa, Mamiko Noto", "", "", "", "", "", "Japanese, English", "Stereo", "1.33 : 1", "Color", "0", "0", "TV Series", "True", "False", "False"
"96", "Dark", "8.7", "https://www.imdb.com/title/tt5753856/", "https://m.media-amazon.com/images/M/MV5BMTUzNjQ2MTY5NV5BMl5BanBnXkFtZTgwOTAzNTQxNDM@._V1_.jpg", "A family saga with a supernatural twist, set in a German town where the disappearance of two young children exposes the relationships among four families.", "Crime, Drama, Mystery", "0", "TV-MA", "time travel, nuclear power plant, cave, small town, missing child", "DE", "133", "DOWN 23", "", "", "Louis Hofmann, Karoline Eichhorn, Lisa Vicari", "Louis Hofmann, Karoline Eichhorn, Lisa Vicari, Maja Schöne", "", "", "", "", "Unicorn Cave, Scharzfeld, Germany", "German, English, German Sign Language", "Dolby Digital, Dolby Atmos", "2.00 : 1", "Color", "8", "23", "TV Series", "True", "False", "False"
"97", "Rome", "8.7", "https://www.imdb.com/title/tt0384766/", "https://m.media-amazon.com/images/M/MV5BMGQ0M2YxMGEtMDQ2MC00NGEwLTliMTQtODVkYWZkNDFkM2Y3XkEyXkFqcGc@._V1_.jpg", "The lives of both illustrious and ordinary Romans in the last days of the Roman Republic.", "Action, Drama, Romance", "0", "TV-MA", "based on true story, roman empire, italy, italian history, rome italy", "GB", "403", "UP 10", "", "", "Kevin McKidd, Ray Stevenson, Polly Walker", "Kevin McKidd, Ray Stevenson, Polly Walker, Kerry Condon", "USD 100,000,000", "", "", "", "Boyana Film Studios, Sofia, Bulgaria", "English", "Stereo", "1.78 : 1", "Color", "19", "36", "TV Series", "True", "False", "False"
"98", "Oz", "8.7", "https://www.imdb.com/title/tt0118421/", "https://m.media-amazon.com/images/M/MV5BMjI1ZGJmMGYtYWE1YS00NDAyLThmNGItZWNjZmFiODkxZDUwXkEyXkFqcGc@._V1_.jpg", "Follows the daily activities of the Inmates at the Oswald Maximum Security Correctional Facility (aka &quot;Oz&quot; for short), an unusual prison where its criminal inhabitants face challenges head on behind bars and do all they can to sta...", "Crime, Drama, Thriller", "0", "TV-MA", "male full frontal nudity, male rape, gay, prison, prison rape", "US", "552", "DOWN 15", "", "", "Ernie Hudson, Terry Kinney, J.K. Simmons", "Ernie Hudson, Terry Kinney, J.K. Simmons, Lee Tergesen", "", "", "", "", "Bayonne, New Jersey, USA", "English", "", "4:3", "Color", "16", "56", "TV Series", "True", "False", "False"
"99", "Naruto: Shippûden", "8.7", "https://www.imdb.com/title/tt0988824/", "https://m.media-amazon.com/images/M/MV5BNTk3MDA1ZjAtNTRhYS00YzNiLTgwOGEtYWRmYTQ3NjA0NTAwXkEyXkFqcGc@._V1_.jpg", "Naruto Uzumaki, is a loud, hyperactive, adolescent ninja who constantly searches for approval and recognition, as well as to become Hokage, who is acknowledged as the leader and strongest of all ninja in the village.", "Animation, Action, Adventure", "0", "TV-PG", "bleeding from eyes, battle, blood, bridge, brother brother relationship", "JP", "330", "FLAT 0", "", "", "Alexandre Crépet, Junko Takeuchi, Maile Flanagan", "Alexandre Crépet, Junko Takeuchi, Maile Flanagan, Chie Nakamura", "", "", "", "", "", "Japanese", "Stereo", "16:9 HD", "Color", "2", "10", "TV Series", "True", "False", "False"
"100", "The Grand Tour", "8.7", "https://www.imdb.com/title/tt5712554/", "https://m.media-amazon.com/images/M/MV5BOGQ1M2Y4ZjMtNWRiNS00YTUzLTkxMzEtZjgzYmZjMGVlMzY5XkEyXkFqcGc@._V1_.jpg", "Jeremy, Richard and James embark on an adventure across the globe, driving new and exciting automobiles from manufacturers all over the world.", "Adventure, Comedy, Sport", "0", "TV-14", "motorsports sport, comedy talk show, satire comedy, road trip adventure, road trip comedy", "GB", "1238", "DOWN 167", "", "", "Jeremy Clarkson, James May, Richard Hammond", "Jeremy Clarkson, James May, Richard Hammond, Abbie Eaton", "", "", "", "", "Black Hangar Studios, Alton GU34 5SR, United Kingdom", "English", "Dolby Digital", "", "", "0", "2", "TV Series", "True", "False", "False"
"101", "Invincible", "8.7", "https://www.imdb.com/title/tt6741278/", "https://m.media-amazon.com/images/M/MV5BZGM5MmM2ZDAtMzBjNS00NjMxLWE4ZTMtNzFjMWMxYzU2ZThjXkEyXkFqcGc@._V1_.jpg", "When 17-year-old Mark Grayson inherits superpowers, he becomes the superhero Invincible.", "Animation, Action, Adventure", "0", "TV-MA", "based on comic book, superhero, adult animation, gore, image comics", "US", "192", "DOWN 5", "", "", "Steven Yeun, J.K. Simmons, Sandra Oh", "Steven Yeun, J.K. Simmons, Sandra Oh, Gillian Jacobs", "", "", "", "", "", "English", "Dolby Digital", "16:9 HD", "Color", "5", "26", "TV Series", "True", "False", "False"
"102", "The Shield", "8.7", "https://www.imdb.com/title/tt0286486/", "https://m.media-amazon.com/images/M/MV5BN2Y2NzUzZjItNjNjYy00ZjA0LTllYWEtZGE2NjY0NDg1YzRlXkEyXkFqcGc@._V1_.jpg", "A gang of corrupt Los Angeles Police Department cops uses illegal methods to maintain law and order, whilst engaging in a series of undercover dealings secretly in order to get rich.", "Crime, Drama, Thriller", "0", "TV-MA", "corrupt cop, los angeles california, mayor, drugs, police corruption", "US", "450", "DOWN 91", "", "", "Michael Chiklis, Michael Jace, Jay Karnes", "Michael Chiklis, Michael Jace, Jay Karnes, CCH Pounder", "USD 1,200,000", "", "", "", "ABC Television Center - 4151 Prospect Avenue, Los Angeles, California, USA", "English", "Stereo", "", "Color", "15", "62", "TV Series", "True", "False", "False"
"103", "Steel Ball Run: JoJo&apos;s Bizarre Adventure", "9.4", "https://www.imdb.com/title/tt38268282/", "https://m.media-amazon.com/images/M/MV5BZDFmY2JjYmYtNjZhOC00ODJkLTliMjYtM2Y4YzBjMWE0ZGZjXkEyXkFqcGc@._V1_.jpg", "A paraplegic ex-jockey joins forces with an outlaw to compete in the first cross-continental horse race across North America in the 1800s.", "Animation, Action, Adventure", "0", "TV-MA", "seinen anime animation, wild west, hand drawn animation, anime animation, neo western", "JP", "52", "DOWN 17", "", "", "Rie Takahashi, Kenta Miyake, Shogo Sakata", "Rie Takahashi, Kenta Miyake, Shogo Sakata, Yohei Azakami", "", "", "", "", "", "Japanese", "", "", "Color", "0", "1", "TV Series", "True", "False", "False"
"104", "Downton Abbey", "8.7", "https://www.imdb.com/title/tt1606375/", "https://m.media-amazon.com/images/M/MV5BYzgzNDVjNjgtNzQxZS00N2E2LTkxNjgtNjIzMGZiM2UwYWQ2XkEyXkFqcGc@._V1_.jpg", "A chronicle of the lives of the British aristocratic Crawley family and their servants in the early twentieth century.", "Drama, Romance", "0", "TV-PG", "period drama, father daughter relationship, husband wife relationship, class differences, aristocracy", "GB", "249", "DOWN 5", "", "", "Hugh Bonneville, Phyllis Logan, Elizabeth McGovern", "Hugh Bonneville, Phyllis Logan, Elizabeth McGovern, Laura Carmichael", "", "", "", "", "Highclere Castle, Highclere, Newbury, Berkshire, England, UK", "English", "Dolby Digital", "1.78 : 1, 16:9 HD", "Color", "61", "231", "TV Series", "True", "False", "False"
"105", "Fleabag", "8.7", "https://www.imdb.com/title/tt5687612/", "https://m.media-amazon.com/images/M/MV5BMjA4MzU5NzQxNV5BMl5BanBnXkFtZTgwOTg3MDA5NzM@._V1_.jpg", "Series adapted from the award-winning play about a young woman trying to cope with life in London whilst coming to terms with a recent tragedy.", "Comedy, Drama", "0", "TV-MA", "dark comedy, sister sister relationship, female protagonist, british comedy, london england", "GB", "182", "DOWN 92", "", "", "Phoebe Waller-Bridge, Sian Clifford, Olivia Colman", "Phoebe Waller-Bridge, Sian Clifford, Olivia Colman, Jenny Rainsford", "", "", "", "", "Southampton Road, London, England, UK", "English", "Stereo", "2.39 : 1", "Color", "70", "71", "TV Series", "True", "False", "False"
"106", "Battlestar Galactica", "8.7", "https://www.imdb.com/title/tt0407362/", "https://m.media-amazon.com/images/M/MV5BNmMzYzdmNWMtM2ZmMi00Y2E2LWI5ZTMtYWJlNmJiMDgyYWRiXkEyXkFqcGc@._V1_.jpg", "When an old enemy, the Cylons, resurface and obliterate the 12 colonies, the crew of the aged Galactica protect a small civilian fleet - the last of humanity - as they journey toward the fabled 13th colony, Earth.", "Action, Adventure, Drama", "0", "TV-14", "human in outer space, nuclear weapon, totalitarianism, prophecy, space opera", "US", "385", "DOWN 31", "", "", "Edward James Olmos, Mary McDonnell, Jamie Bamber", "Edward James Olmos, Mary McDonnell, Jamie Bamber, James Callis", "", "", "", "", "140 Tidewater Way, Lions Bay, British Columbia, Canada", "English", "Stereo", "1.78 : 1", "Color", "43", "114", "TV Series", "True", "False", "False"
"107", "X-Men &apos;97", "8.7", "https://www.imdb.com/title/tt16026746/", "https://m.media-amazon.com/images/M/MV5BZDE0Zjk5OGYtZTk3OC00ZDZhLWE2NGQtNzc3NmJhNjljYzY5XkEyXkFqcGc@._V1_.jpg", "A band of mutants use their uncanny gifts to protect a world that hates and fears them; they&apos;re challenged like never before, forced to face a dangerous and unexpected new future.", "Animation, Action, Adventure", "0", "TV-14", "mutant, based on comic book, based on comic, x men, superhero", "US", "500", "DOWN 59", "", "", "Terri Douglas, Ray Chase, George Buza", "Terri Douglas, Ray Chase, George Buza, Ross Marquand", "", "", "", "", "Marvel Studios Animation - Burbank, California, USA", "English", "Dolby Digital, Dolby Atmos", "2.20 : 1", "", "6", "15", "TV Series", "True", "False", "False"
"108", "Star Trek: The Next Generation", "8.7", "https://www.imdb.com/title/tt0092455/", "https://m.media-amazon.com/images/M/MV5BMmNiNTQ2YzYtODBjYy00ZWMwLTlmNWMtYWE1NTQ2ZTYyZmMwXkEyXkFqcGc@._V1_.jpg", "Set almost 100 years after Captain Kirk&apos;s five-year mission, a new generation of Starfleet officers sets off in the U.S.S. Enterprise-D on its own mission to go where no one has gone before.", "Action, Adventure, Drama", "0", "TV-PG", "cult tv, star trek, space exploration, famous opening theme, space", "US", "258", "UP 12", "", "", "Patrick Stewart, Brent Spiner, Jonathan Frakes", "Patrick Stewart, Brent Spiner, Jonathan Frakes, LeVar Burton", "", "", "", "", "Donald C. Tillman Water Reclamation Plant - 6100 Woodley Avenue, Van Nuys, Los Angeles, California, USA", "English, Klingon, French", "Dolby Stereo", "1.33 : 1", "Color", "40", "62", "TV Series", "True", "False", "False"
"109", "Mad Men", "8.7", "https://www.imdb.com/title/tt0804503/", "https://m.media-amazon.com/images/M/MV5BYTNjNjc5OWQtYjMxNC00MzEwLWIxM2UtNjU3NzhkNjZmNGI3XkEyXkFqcGc@._V1_.jpg", "A drama about one of New York&apos;s most prestigious ad agencies at the beginning of the 1960s, focusing on one of the firm&apos;s most mysterious but extremely talented ad executives, Donald Draper.", "Drama", "0", "TV-MA", "advertising, 1960s, new york, drinking, chain smoking", "US", "104", "DOWN 41", "", "", "Jon Hamm, Elisabeth Moss, Vincent Kartheiser", "Jon Hamm, Elisabeth Moss, Vincent Kartheiser, January Jones", "", "", "", "", "New York City, New York, USA", "English", "Stereo", "1.78 : 1", "Color", "167", "450", "TV Series", "True", "False", "False"
"110", "Peep Show", "8.7", "https://www.imdb.com/title/tt0387764/", "https://m.media-amazon.com/images/M/MV5BNmQ0MGMwNjMtNmEyMC00OTA2LTg4YTEtNjBhNjNkYTgzMmZlXkEyXkFqcGc@._V1_.jpg", "Mark and Jez are a couple of twenty-something roommates who have nothing in common - except for the fact that their lives are anything but normal. Mayhem ensues as the pair strive to cope with day-to-day life.", "Comedy", "0", "TV-MA", "cynicism, immaturity, british comedy, inner voice, cringe comedy", "GB", "822", "DOWN 144", "", "", "David Mitchell, Robert Webb, Matt King", "David Mitchell, Robert Webb, Matt King, Olivia Colman", "", "", "", "", "Zodiac Court - 165 London Road, Croydon, London, England, UK", "English", "Stereo", "16 : 9", "Color", "9", "37", "TV Series", "True", "False", "False"
"111", "Still Game", "8.9", "https://www.imdb.com/title/tt0281491/", "https://m.media-amazon.com/images/M/MV5BNzlkNmM1YTAtZTVhNS00ODhlLTg2MGUtYTU3NDMxYWZiZjI2XkEyXkFqcGc@._V1_.jpg", "Cult Scottish comedy about the lives of two OAP&apos;s Jack and Victor and their views on how it used to be in the old days and how bad it is now in the fictional area of Craiglang, Glasgow.", "Comedy", "0", "TV-14", "male protagonist, brother brother relationship, laugh track, name dropping, pub", "GB", "2438", "DOWN 673", "", "", "Ford Kiernan, Greg Hemphill, Paul Riley", "Ford Kiernan, Greg Hemphill, Paul Riley, Gavin Mitchell", "", "", "", "", "Maryhill, Glasgow, Strathclyde, Scotland, UK", "English", "Stereo", "", "Color", "6", "3", "TV Series", "True", "False", "False"
"112", "Blue Eye Samurai", "8.7", "https://www.imdb.com/title/tt13309742/", "https://m.media-amazon.com/images/M/MV5BY2E4ZGIwZWYtMGRiMS00NGI2LTgwYzAtZGY5NGVhNzY3Yjk0XkEyXkFqcGc@._V1_.jpg", "In Edo-period Japan, a young warrior driven by a dream of revenge cuts a bloody path toward destiny.", "Animation, Action, Adventure", "0", "TV-MA", "samurai, adult animation, sword, revenge, female full frontal nudity", "US", "755", "DOWN 23", "", "", "Maya Erskine, George Takei, Masi Oka", "Maya Erskine, George Takei, Masi Oka, Brenda Song", "", "", "", "", "", "English", "Dolby Digital", "1.78 : 1, 16:9 HD", "Color", "16", "10", "TV Series", "True", "False", "False"
"113", "Mahabharat", "8.9", "https://www.imdb.com/title/tt0158417/", "https://m.media-amazon.com/images/M/MV5BYzZiY2QyNTMtNTMzMi00ODZkLWEwNWItYmJiM2MyNWJmY2Q5XkEyXkFqcGc@._V1_.jpg", "When a dynastic struggle between the collateral branches of the Kuru clan, the Kauravas and Pandavas lead them to the threshold of war, Lord Krishna decides to step in and take control of the situation.", "Action, Adventure, Drama", "0", "TV-14", "based on mahabharata, reference to the bhagavad gita, reference to krishna the hindu deity, dice game, throne", "IN", "3925", "DOWN 1182", "", "", "Harish Bhimani, Nitish Bharadwaj, Mukesh Khanna", "Harish Bhimani, Nitish Bharadwaj, Mukesh Khanna, Gajendra Chauhan", "", "", "", "", "", "Hindi", "", "4:3", "Color", "2", "2", "TV Series", "True", "False", "False"
"114", "The Simpsons", "8.6", "https://www.imdb.com/title/tt0096697/", "https://m.media-amazon.com/images/M/MV5BNTU2OWE0YWYtMjRlMS00NTUwLWJmZWUtODFhNzJiMGJlMzI3XkEyXkFqcGc@._V1_.jpg", "The satiric half-hour adventures of a working-class family in the misfit city of Springfield.", "Animation, Comedy", "0", "TV-14", "beer, cult tv, family as protagonists, dysfunctional family, cat and mouse", "US", "132", "UP 11", "", "", "Dan Castellaneta, Nancy Cartwright, Julie Kavner", "Dan Castellaneta, Nancy Cartwright, Julie Kavner, Harry Shearer", "USD 750,000", "", "", "", "Los Angeles, California, USA", "English", "Mono", "", "Color", "189", "387", "TV Series", "True", "False", "False"
"115", "Justice League Unlimited", "8.7", "https://www.imdb.com/title/tt6025022/", "https://m.media-amazon.com/images/M/MV5BYjBmYjE5ZmMtYTdlMi00MDgyLThlNjUtZDUzMGMzYWZkMWRjXkEyXkFqcGc@._V1_.jpg", "A continuation of the Justice League animated series finds the original members of the team joined in their battle against crime and evil by dozens of other heroes from the DC comics universe.", "Animation, Action, Adventure", "0", "TV-Y7-FV", "dc animated universe, superhero, superhero team, based on comic book, justice league", "US", "1445", "DOWN 11", "", "", "George Newbern, Kevin Conroy, Phil LaMarr", "George Newbern, Kevin Conroy, Phil LaMarr, Susan Eisenberg", "", "", "", "", "", "English", "Stereo", "1.78 : 1", "Color", "0", "0", "TV Series", "True", "False", "False"
"116", "House M.D.", "8.7", "https://www.imdb.com/title/tt0412142/", "https://m.media-amazon.com/images/M/MV5BMjgxYjAwNmMtYTAwZC00YmQxLWJlOTMtMWM0NGJmNDE0YmI2XkEyXkFqcGc@._V1_.jpg", "Using a crack team of doctors and his wits, an antisocial maverick doctor specializing in diagnostic medicine does whatever it takes to solve puzzling cases that come his way.", "Drama", "0", "TV-14", "misanthropy, medical drama, hospital, medical doctor, prescription drug abuse", "US", "118", "DOWN 6", "", "", "Hugh Laurie, Omar Epps, Robert Sean Leonard", "Hugh Laurie, Omar Epps, Robert Sean Leonard, Jesse Spencer", "", "", "", "", "Princeton, New Jersey, USA", "English", "Stereo", "1.78 : 1, 16:9 HD", "Color", "58", "140", "TV Series", "True", "False", "False"
"117", "The Adventures of Sherlock Holmes", "8.7", "https://www.imdb.com/title/tt0086661/", "https://m.media-amazon.com/images/M/MV5BNjg3NjY5NGUtZTlkNS00NGE2LWJhMTAtZTlkZDgzZDBhOWY1XkEyXkFqcGc@._V1_.jpg", "Sherlock Holmes and Dr Watson solve the mysteries of copper beeches, a Greek interpreter, the Norwood builder, a resident patient, the red-headed league, and one final problem.", "Crime, Drama, Mystery", "0", "TV-PG", "detective, based on short story, private detective, asexual interest, friendship", "GB", "1713", "UP 84", "", "", "Jeremy Brett, David Burke, Rosalie Williams", "Jeremy Brett, David Burke, Rosalie Williams, Eric Porter", "", "", "", "", "Knutsford, Cheshire, England, UK", "English", "Mono", "1.33 : 1", "Color", "0", "0", "TV Series", "True", "False", "False"
"118", "Line of Duty", "8.7", "https://www.imdb.com/title/tt2303687/", "https://m.media-amazon.com/images/M/MV5BZTE4OGI5Y2ItYmEwYi00YjE0LTk1M2EtZjI4NzM1ZjdjODcxXkEyXkFqcGc@._V1_.jpg", "British crime drama series following a team of elite detectives tasked with investigating police corruption.", "Crime, Drama, Mystery", "0", "TV-14", "conspiracy, police, internal affairs, police corruption, female police detective", "GB", "340", "DOWN 22", "", "", "Martin Compston, Vicky McClure, Adrian Dunbar", "Martin Compston, Vicky McClure, Adrian Dunbar, Craig Parkinson", "", "", "", "", "Belfast, County Antrim, Northern Ireland, UK", "English", "Dolby Digital", "1.78 : 1", "Color", "21", "64", "TV Series", "True", "False", "False"
"119", "Kôdo Giasu: Hangyaku no Rurûshu", "8.7", "https://www.imdb.com/title/tt0994314/", "https://m.media-amazon.com/images/M/MV5BNTk4MWYwNmUtODFjNC00NWJhLWExNGYtMGU4YmRlNzEwOTY1XkEyXkFqcGc@._V1_.jpg", "After being given a mysterious power to control others, an outcast prince becomes the masked leader of the rebellion against an all-powerful empire.", "Animation, Action, Drama", "0", "TV-14", "female nudity, politics, xenophobia, prejudice, supernatural power", "JP", "511", "UP 6", "", "", "Jun Fukuyama, Takahiro Sakurai, Johnny Yong Bosch", "Jun Fukuyama, Takahiro Sakurai, Johnny Yong Bosch, Yukana", "", "", "", "", "", "Japanese", "Stereo", "1.78 : 1", "Color", "4", "0", "TV Series", "True", "False", "False"
"120", "Top Gear", "8.7", "https://www.imdb.com/title/tt1628033/", "https://m.media-amazon.com/images/M/MV5BNTJlYmZjNDAtYjA2YS00YjAyLWI4NmYtYjFhNmM5MDEyMWJmXkEyXkFqcGc@._V1_.jpg", "The hosts talk about everything car-related. From new cars to how they&apos;re fueled, this show has it all.", "Adventure, Comedy, Sport", "0", "TV-PG", "road trip, road trip adventure, car, british, series", "GB", "1268", "DOWN 202", "", "", "Jeremy Clarkson, Richard Hammond, James May", "Jeremy Clarkson, Richard Hammond, James May, The Stig", "", "", "", "", "Dunsfold Park Aerodrome, Dunsfold Park, Dunsfold, Surrey, England, UK", "English, Italian, German, Spanish, French", "Mono", "1.33 : 1", "Color", "12", "22", "TV Series", "True", "False", "False"
"121", "Hajime no Ippo", "8.8", "https://www.imdb.com/title/tt0481256/", "https://m.media-amazon.com/images/M/MV5BN2UzMmM5NTQtYjUxYy00OWVjLTkwOWMtYzFhOGQxN2VlZjI5XkEyXkFqcGc@._V1_.jpg", "Ippo, a teenage boy with a pure heart and unrelenting determination, discovers a passion for boxing after veteran fighter Takamura saves him from bullies.", "Animation, Action, Comedy", "0", "TV-PG", "anime animation, combat sport, shonen anime animation, boxing sport, shounen", "JP", "1324", "DOWN 97", "", "", "Rikiya Koyama, Kôhei Kiyasu, Steve Staley", "Rikiya Koyama, Kôhei Kiyasu, Steve Staley, Richard Epcar", "", "", "", "", "", "Japanese, English", "", "", "Color", "0", "0", "TV Series", "True", "False", "False"
"122", "Mister Rogers&apos; Neighborhood", "8.8", "https://www.imdb.com/title/tt0062588/", "https://m.media-amazon.com/images/M/MV5BNGQ3ZWFkZDMtNjlmNC00NWNmLWJlYzctMDlkZDdiNDBiZTgxXkEyXkFqcGc@._V1_.jpg", "Fred Rogers explores various topics for young viewers through presentations and music, both in his world and in the Neighborhood of Make-Believe.", "Family, Fantasy, Music", "0", "TV-Y", "educational, educational television, male protagonist, kids family, santa claus", "US", "3060", "UP 156", "", "", "Fred Rogers, Betty Aberlin, David Newell", "Fred Rogers, Betty Aberlin, David Newell, Joe Negri", "", "", "", "", "Pittsburgh, Pennsylvania, USA", "English", "", "1.33 : 1", "Color", "9", "66", "TV Series", "True", "False", "False"
"123", "Friday Night Lights", "8.7", "https://www.imdb.com/title/tt0758745/", "https://m.media-amazon.com/images/M/MV5BNzMxNzQwODItNDFiYy00YjFhLWJjMzUtYjc0Nzk5ZTI4ODA1XkEyXkFqcGc@._V1_.jpg", "A drama that follows the lives of the Dillon Panthers, one of the nation&apos;s best high school football teams, and their head coach Eric Taylor.", "Drama, Sport", "0", "TV-14", "coach, football, small town, texas, high school", "US", "184", "UP 20", "", "", "Kyle Chandler, Connie Britton, Zach Gilford", "Kyle Chandler, Connie Britton, Zach Gilford, Aimee Teegarden", "", "", "", "", "Georgetown, Texas, USA", "English", "Dolby Digital", "1.78 : 1", "Color", "22", "122", "TV Series", "True", "False", "False"
"124", "Ramayan", "9", "https://www.imdb.com/title/tt0268093/", "https://m.media-amazon.com/images/M/MV5BN2ZhOGFhNDgtZDdiNy00OTM1LTkwYzctN2ZlYTY5MDJlMTFmXkEyXkFqcGc@._V1_.jpg", "An adaptation of the ancient epic in which the exiled Prince Rama and his brother Laxman set out to save Rama&apos;s wife, Sita, who has been kidnapped by the demon king of Lanka Ravana.", "Adventure, Drama, Family", "0", "TV-14", "indian mythology, kidnapping, battle, incarnation, exile", "IN", "4005", "DOWN 532", "", "", "Arun Govil, Deepika Chikhalia, Sunil Lahri", "Arun Govil, Deepika Chikhalia, Sunil Lahri, Arvind Trivedi", "IDR 100,000", "", "", "", "", "Hindi", "", "4:3", "Color", "1", "1", "TV Series", "True", "False", "False"
"125", "Arrested Development", "8.6", "https://www.imdb.com/title/tt0367279/", "https://m.media-amazon.com/images/M/MV5BMzA1NzBiMzUtZTA1Zi00YTVjLTkxZWYtZTIyYzFhMzVjZmQ1XkEyXkFqcGc@._V1_.jpg", "Level-headed son Michael Bluth takes over family affairs after his father is imprisoned. But the rest of his spoiled, dysfunctional family are making his job unbearable.", "Comedy", "0", "TV-14", "dysfunctional family, male protagonist, orange county california, family relationships, amateur magician", "US", "364", "DOWN 77", "", "", "Jason Bateman, Michael Cera, Portia de Rossi", "Jason Bateman, Michael Cera, Portia de Rossi, Will Arnett", "", "", "", "", "Santa Clarita, California, USA", "English", "Stereo", "1.78 : 1", "Color", "62", "123", "TV Series", "True", "False", "False"
"126", "Severance", "8.6", "https://www.imdb.com/title/tt11280740/", "https://m.media-amazon.com/images/M/MV5BZDI5YzJhODQtMzQyNy00YWNmLWIxMjUtNDBjNjA5YWRjMzExXkEyXkFqcGc@._V1_.jpg", "Mark leads a team of office workers whose memories have been surgically divided between their work and personal lives. When a mysterious colleague appears outside of work, it begins a journey to discover the truth about their jobs.", "Drama, Mystery, Sci-Fi", "0", "TV-MA", "dystopian sci fi, psychological drama, memory, office, mind control", "US", "63", "DOWN 14", "", "", "Adam Scott, Britt Lower, Zach Cherry", "Adam Scott, Britt Lower, Zach Cherry, Tramell Tillman", "", "", "", "", "Bell Laboratories - 101 Crawfords Corner Road, Holmdel Township, New Jersey, USA", "English", "", "2.39 : 1", "Color", "51", "202", "TV Series", "True", "False", "False"
"127", "Mr Inbetween", "8.7", "https://www.imdb.com/title/tt7472896/", "https://m.media-amazon.com/images/M/MV5BMmI3MmFiODctNzhkZi00ZWVmLWJjYTctYzMyMmIxNGE1ZGZhXkEyXkFqcGc@._V1_.jpg", "Ray Shoesmith is a father, ex-husband, boyfriend, brother and best friend; tough roles to juggle in the modern age. Especially, when you&apos;re also a criminal for hire.", "Comedy, Crime, Drama", "0", "TV-MA", "gangster romanticization, hitman, organized crime, 21st century, 2020s", "AU", "247", "UP 28", "", "", "Scott Ryan, Justin Rosniak, Chika Yasumura", "Scott Ryan, Justin Rosniak, Chika Yasumura, Damon Herriman", "", "", "", "", "Sydney, New South Wales, Australia", "English", "Stereo", "2:1", "Color", "9", "22", "TV Series", "True", "False", "False"
"128", "Adventure Time", "8.7", "https://www.imdb.com/title/tt1305826/", "https://m.media-amazon.com/images/M/MV5BMjkxMzIwNmQtMzM5Ni00YWJiLTg4YjQtNjBiN2IxMjZhMGQ2XkEyXkFqcGc@._V1_.jpg", "A 12-year-old boy and his best friend, a wise 28-year-old dog with magical powers, go on a series of surreal adventures in a remote future.", "Animation, Action, Adventure", "0", "TV-PG", "boy, dog, human, cult tv, shapeshifter", "US", "516", "UP 13", "", "", "John DiMaggio, Jeremy Shada, Tom Kenny", "John DiMaggio, Jeremy Shada, Tom Kenny, Hynden Walch", "", "", "", "", "", "English, Korean", "Stereo", "1.78 : 1, 4:3", "Color", "26", "51", "TV Series", "True", "False", "False"
"129", "This Is Us", "8.7", "https://www.imdb.com/title/tt5555260/", "https://m.media-amazon.com/images/M/MV5BNzk4YzY2ZjUtNTQ2YS00MWQ5LTgzZjctZTRlMmZlMzNjNDc3XkEyXkFqcGc@._V1_.jpg", "A heartwarming and emotional story about a unique set of triplets, their struggles, and their wonderful parents.", "Comedy, Drama, Romance", "0", "TV-14", "family relationships, flashback, triplets, pregnancy, adoption", "US", "350", "DOWN 9", "", "", "Milo Ventimiglia, Mandy Moore, Sterling K. Brown", "Milo Ventimiglia, Mandy Moore, Sterling K. Brown, Chrissy Metz", "", "", "", "", "Los Angeles, California, USA", "English", "", "16:9 HD", "Color", "67", "276", "TV Series", "True", "False", "False"
"130", "The Marvelous Mrs. Maisel", "8.6", "https://www.imdb.com/title/tt5788792/", "https://m.media-amazon.com/images/M/MV5BZjM3MmFjMzYtMGNiYi00MDZmLTlkM2MtNzI3MDg1MzUwYWY2XkEyXkFqcGc@._V1_.jpg", "After her husband leaves her, young mother of two Miriam &quot;Midge&quot; Maisel discovers that she has a talent for stand-up comedy. Could this be her calling?", "Comedy, Drama", "0", "TV-MA", "stand up comedian, new york city, jewish family, female protagonist, 1950s", "US", "586", "DOWN 26", "", "", "Rachel Brosnahan, Alex Borstein, Michael Zegen", "Rachel Brosnahan, Alex Borstein, Michael Zegen, Marin Hinkle", "", "", "", "", "Steiner Studios - 15 Washington Avenue, Brooklyn Navy Yard, Brooklyn, New York City, New York, USA", "English", "Stereo", "1.78 : 1", "Color", "98", "256", "TV Series", "True", "False", "False"
"131", "How to with John Wilson", "8.7", "https://www.imdb.com/title/tt10801534/", "https://m.media-amazon.com/images/M/MV5BYTQwMTMyODYtNzkwOC00MmM0LTkyNGItNDAxYjE0Yjc1NjhhXkEyXkFqcGc@._V1_.jpg", "An anxious New Yorker attempts to give everyday advice while dealing with his own personal issues.", "Documentary, Comedy", "0", "TV-MA", "existencialism, bare chested male, male nudity, life, advice", "US", "926", "DOWN 142", "", "", "John Wilson, Kyle MacLachlan, Niko Nelson", "John Wilson, Kyle MacLachlan, Niko Nelson, Justin A. Martell", "", "", "", "", "", "English", "", "16:9 HD", "", "4", "13", "TV Series", "True", "False", "False"
"132", "Aspirants", "9.1", "https://www.imdb.com/title/tt14392248/", "https://m.media-amazon.com/images/M/MV5BNjQ4NjFlMDMtMjczZC00YmU5LWI0YjgtMzU0YTkwNGIwNjNkXkEyXkFqcGc@._V1_.jpg", "It is the story of the journey of three UPSC (public service competitive exams in India) aspirants and their friendship against all odds.", "Drama", "0", "TV-14", "upsc, ias aspirant, academia drama, friendship, competitive exam", "IN", "1786", "DOWN 186", "", "", "Naveen Kasturia, Shivankit Singh Parihar, Sunny Hinduja", "Naveen Kasturia, Shivankit Singh Parihar, Sunny Hinduja, Abhilash Thapliyal", "", "", "", "", "", "Hindi", "", "", "Color", "8", "17", "TV Series", "True", "False", "False"
"133", "Behzat Ç.", "8.8", "https://www.imdb.com/title/tt1795096/", "https://m.media-amazon.com/images/M/MV5BZmMyM2Q3YWMtMmE4NS00ODczLWIwYjctN2MzZThiZWEyMTcyXkEyXkFqcGc@._V1_.jpg", "An inharmonious police team in Ankara Police Force and its discredited police chief fight crime.", "Comedy, Crime, Drama", "0", "TV-14", "police procedural crime, cop drama, police, murder, ankara turkey", "TR", "3723", "DOWN 1120", "", "", "Erdal Besikçioglu, Inanç Konukçu, Ege Aydan", "Erdal Besikçioglu, Inanç Konukçu, Ege Aydan, Berkan Sal", "", "", "", "", "Ankara, Turkey", "Turkish", "Stereo", "16:9 HD, 4:3", "Color", "3", "7", "TV Series", "True", "False", "False"
"134", "Father Ted", "8.6", "https://www.imdb.com/title/tt0111958/", "https://m.media-amazon.com/images/M/MV5BN2NmMzNkZDAtYzEyMy00NzY2LTlhMmMtNzc2M2M5ZTk2MmY2XkEyXkFqcGc@._V1_.jpg", "Three misfit priests and their housekeeper live on Craggy Island, not the peaceful and quiet part of Ireland that it seems to be.", "Comedy", "0", "TV-14", "laugh track, character name as series title, rabbit, car, raffle", "GB", "1878", "UP 181", "", "", "Dermot Morgan, Ardal O'Hanlon, Frank Kelly", "Dermot Morgan, Ardal O'Hanlon, Frank Kelly, Pauline McLynn", "", "", "", "", "Kilfenora, County Clare, Ireland", "English", "Stereo", "4:3", "Color", "15", "4", "TV Series", "True", "False", "False"
"135", "The Thick of It", "8.7", "https://www.imdb.com/title/tt0459159/", "https://m.media-amazon.com/images/M/MV5BNTQ0NTdjZTctZWRhMS00YjNmLWIyOWQtMWJjNjJhYTgyOTdjXkEyXkFqcGc@._V1_.jpg", "The Minister for Social Affairs is continually harassed by Number 10&apos;s policy enforcer and dependent on his not-so-reliable team of civil servants.", "Comedy", "0", "TV-MA", "government, british government, politics, british comedy, mockumentary", "GB", "1114", "DOWN 340", "", "", "Chris Addison, James Smith, Peter Capaldi", "Chris Addison, James Smith, Peter Capaldi, Joanna Scanlan", "", "", "", "", "St Margaret Street, Westminster, London, England, UK", "English", "Stereo", "1.66 : 1", "Color", "22", "28", "TV Series", "True", "False", "False"
"136", "Dexter", "8.6", "https://www.imdb.com/title/tt0773262/", "https://m.media-amazon.com/images/M/MV5BNTE5ZGI2N2UtYmFiMi00ZGIxLWI1ZTMtYWJkZDYxNDZiOTQwXkEyXkFqcGc@._V1_.jpg", "He&apos;s smart. He&apos;s lovable. He&apos;s Dexter Morgan, America&apos;s favorite serial killer, who spends his days solving crimes and his nights committing them.", "Crime, Drama, Mystery", "0", "TV-MA", "double life, police department, dark secret, homicide, serial murder", "US", "53", "UP 25", "", "", "Michael C. Hall, Jennifer Carpenter, David Zayas", "Michael C. Hall, Jennifer Carpenter, David Zayas, James Remar", "", "", "", "", "1155 103rd St, Bay Harbor Islands, Florida, USA", "English, Spanish", "Dolby Digital", "16:9 HD", "Color", "56", "202", "TV Series", "True", "False", "False"
"137", "The X Files", "8.6", "https://www.imdb.com/title/tt0106179/", "https://m.media-amazon.com/images/M/MV5BNzg3ODVhZWEtYmI0MC00NDQ0LWEyNGYtM2M0MTRhZTZmMjU3XkEyXkFqcGc@._V1_.jpg", "FBI Special Agents Fox Mulder and Dana Scully investigate unsolved unexplained cases known as X-Files.", "Adventure, Crime, Drama", "0", "TV-14", "fbi agent, alien conspiracy, paranormal phenomenon, paranormal investigation, conspiracy", "US", "116", "UP 5", "", "", "David Duchovny, Gillian Anderson, Mitch Pileggi", "David Duchovny, Gillian Anderson, Mitch Pileggi, William B. Davis", "USD 1,500,000", "", "", "", "Chilliwack, British Columbia, Canada", "English", "Dolby SR, Dolby", "16:9 HD, 4:3", "Color", "105", "218", "TV Series", "True", "False", "False"
"138", "Parks and Recreation", "8.6", "https://www.imdb.com/title/tt1266020/", "https://m.media-amazon.com/images/M/MV5BNDlhMzAwNTAtNTk2NS00MTdkLWE3ZWYtMDU0MTFiYmU2ZTc0XkEyXkFqcGc@._V1_.jpg", "The absurd antics of an Indiana town&apos;s public officials as they pursue sundry projects to make their city a better place.", "Comedy", "0", "TV-14", "political satire, indiana, feminism, absurd comedy, social commentary", "US", "206", "UP 1", "", "", "Amy Poehler, Jim O'Heir, Nick Offerman", "Amy Poehler, Jim O'Heir, Nick Offerman, Aubrey Plaza", "", "", "", "", "City Hall - 100 N. Garfield Avenue, Pasadena, California, USA", "English", "Stereo", "1.78 : 1", "Color", "36", "182", "TV Series", "True", "False", "False"
"139", "Sapne vs Everyone", "9.2", "https://www.imdb.com/title/tt30263074/", "https://m.media-amazon.com/images/M/MV5BOTAyNzJkMDYtNGI4ZS00OGI4LTlkNTItZTQ5ZDVmYzAwN2JlXkEyXkFqcGc@._V1_.jpg", "Two obsessive dreamers collide with the resistance of expectations, morality and each other.", "Drama", "0", "", "psychological drama, political drama", "IN", "1149", "DOWN 116", "", "", "Ambrish Verma, Paramvir Cheema, Vijayant Kohli", "Ambrish Verma, Paramvir Cheema, Vijayant Kohli, Naveen Kasturia", "", "", "", "", "", "Hindi", "Dolby Digital", "", "Color", "1", "0", "TV Series", "True", "False", "False"
"140", "1883", "8.6", "https://www.imdb.com/title/tt13991232/", "https://m.media-amazon.com/images/M/MV5BMDBjZDQyMWMtZmI0My00MzJlLWFhMTMtNWZmOTJkNzFlZTliXkEyXkFqcGc@._V1_.jpg", "The post-Civil war generation of the Dutton family travels to Texas, and joins a wagon train undertaking the arduous journey west to Oregon, before settling in Montana to establish what would eventually become the Yellowstone Ranch.", "Drama, Western", "0", "TV-MA", "cowboy, west, journey, period drama, epic western", "US", "286", "DOWN 18", "", "", "Tim McGraw, Sam Elliott, Faith Hill", "Tim McGraw, Sam Elliott, Faith Hill, Isabel May", "", "", "", "", "Sheridan's Bosque Ranch, Weatherford, Texas, USA", "English", "Dolby Digital", "2.00 : 1", "Color", "6", "18", "TV Mini Series", "True", "False", "False"
"141", "Poirot", "8.6", "https://www.imdb.com/title/tt0094525/", "https://m.media-amazon.com/images/M/MV5BMTQyMTA3ZWEtYTUwMy00MzI0LWFmM2YtMzhjMWEwMDAwYTc3XkEyXkFqcGc@._V1_.jpg", "Hercule Poirot, a famous Belgian detective, who has an impeccable knack for getting embroiled in a mystery, solves crimes along with Captain Hastings and Scotland Yard Chief Inspector James Japp.", "Crime, Drama, Mystery", "0", "TV-14", "hercule poirot character, 1930s, murder, london england, secretary", "GB", "298", "DOWN 10", "", "", "David Suchet, Hugh Fraser, Philip Jackson", "David Suchet, Hugh Fraser, Philip Jackson, Pauline Moran", "", "", "", "", "Florin Court, Charterhouse Square, Farringdon, City of London, England, UK", "English, French", "Mono, Stereo", "1.33 : 1, 1.78 : 1, 16:9 HD", "Color", "7", "17", "TV Series", "True", "False", "False"
"142", "Deadwood", "8.6", "https://www.imdb.com/title/tt0348914/", "https://m.media-amazon.com/images/M/MV5BODFiMjBkNDMtN2I1NS00YWM3LTliNWEtMTg0NjVlN2I5YTNlXkEyXkFqcGc@._V1_.jpg", "A show set in the late 1800s, revolving around the characters of Deadwood, South Dakota; a town of deep corruption and crime.", "Crime, Drama, History", "0", "TV-MA", "1870s, south dakota, saloon, profanity, violence", "US", "390", "DOWN 61", "", "", "Timothy Olyphant, Ian McShane, Molly Parker", "Timothy Olyphant, Ian McShane, Molly Parker, W. Earl Brown", "", "", "", "", "Melody Ranch - 24715 Oak Creek Avenue, Newhall, California, USA", "English, Irish Gaelic", "Dolby Digital", "1.78 : 1", "Color", "28", "85", "TV Series", "True", "False", "False"
"143", "Sarabhai V/S Sarabhai", "8.8", "https://www.imdb.com/title/tt1518542/", "https://m.media-amazon.com/images/M/MV5BYzQ5OWMxM2YtZDVkNS00Y2E4LWJmOTItYmMwNTM0Nzk4NTczXkEyXkFqcGc@._V1_.jpg", "Revolves around the lives of the members of an Uber Wealthy - High Society Gujarati family of Cuffe Parade - South Mumbai, whose daughter-in-law is from a middle class Delhi background.", "Comedy", "0", "TV-PG", "catchphrase, showoff, strange behavior, mockery, gujarati family", "IN", "4136", "UP 178", "", "", "Satish Shah, Ratna Pathak Shah, Sumeet Raghavan", "Satish Shah, Ratna Pathak Shah, Sumeet Raghavan, Rupali Ganguly", "", "", "", "", "", "Hindi, Gujarati, English", "", "", "Color", "11", "9", "TV Series", "True", "False", "False"
"144", "The Crown", "8.6", "https://www.imdb.com/title/tt4786824/", "https://m.media-amazon.com/images/M/MV5BODcyODZlZDMtZGE0Ni00NjBhLWJlYTAtZDdlNWY3MzkwMGVhXkEyXkFqcGc@._V1_.jpg", "Follows the political rivalries and romances of Queen Elizabeth II&apos;s reign and the events that shaped Britain for the second half of the 20th century.", "Biography, Drama, History", "0", "TV-MA", "queen, royal family, british monarchy, female protagonist, queen of england", "GB", "222", "DOWN 17", "", "", "Claire Foy, Olivia Colman, Imelda Staunton", "Claire Foy, Olivia Colman, Imelda Staunton, Matt Smith", "USD 156,000,000", "", "", "", "Ardverikie Estate, Kinloch Laggan, Newtonmore, Highland, Scotland, UK", "English", "Dolby Digital", "2.00 : 1", "Color", "158", "432", "TV Series", "True", "False", "False"
"145", "Atlanta", "8.6", "https://www.imdb.com/title/tt4288182/", "https://m.media-amazon.com/images/M/MV5BMDAzMDdkZmEtN2QxMi00NGQ2LTg3MTEtYTBlMmNmYmJjOTc1XkEyXkFqcGc@._V1_.jpg", "Earn and his cousin Alfred try to make their way in the world through Atlanta&apos;s rap scene. Along the way they come face-to-face with social and economic issues touching on race, relationships, poverty, status, and parenthood.", "Comedy, Drama, Music", "0", "TV-MA", "african american, atlanta georgia, rapper, cousin cousin relationship, character credited as self", "US", "398", "DOWN 189", "", "", "Donald Glover, Brian Tyree Henry, LaKeith Stanfield", "Donald Glover, Brian Tyree Henry, LaKeith Stanfield, Zazie Beetz", "", "", "", "", "Atlanta, Georgia, USA", "English", "Dolby Digital", "1.78 : 1", "Color", "64", "147", "TV Series", "True", "False", "False"
"146", "Daredevil", "8.6", "https://www.imdb.com/title/tt3322312/", "https://m.media-amazon.com/images/M/MV5BODcwOTg2MDE3NF5BMl5BanBnXkFtZTgwNTUyNTY1NjM@._V1_.jpg", "A blind lawyer by day, vigilante by night. Matt Murdock fights the crime of New York as Daredevil.", "Action, Crime, Drama", "0", "TV-MA", "vigilante, superhero, blind man, lawyer, crime boss", "US", "212", "DOWN 24", "", "", "Charlie Cox, Vincent D'Onofrio, Deborah Ann Woll", "Charlie Cox, Vincent D'Onofrio, Deborah Ann Woll, Elden Henson", "USD 40,000,000", "", "", "", "Brooklyn, New York City, New York, USA", "English, Spanish, Mandarin, Japanese, Russian", "Dolby Digital", "1.78 : 1", "Color", "10", "43", "TV Series", "True", "False", "False"
"147", "Lonesome Dove", "8.6", "https://www.imdb.com/title/tt0096639/", "https://m.media-amazon.com/images/M/MV5BYjUzNmFiZTAtYzA4ZC00ZGUyLWI3NGMtMTBlMGEzYTM4NDljXkEyXkFqcGc@._V1_.jpg", "Two former Texas Rangers renew their spirit of adventure as they and several other residents of a small Texas town join a cattle drive to the Montana Territory.", "Adventure, Drama, Western", "0", "TV-14", "pulitzer prize source, based on novel, evil man, hero, criminal", "US", "584", "DOWN 212", "", "", "Robert Duvall, Tommy Lee Jones, Danny Glover", "Robert Duvall, Tommy Lee Jones, Danny Glover, Diane Lane", "", "", "", "", "Alamo Village - Highway 674, Brackettville, Texas, USA", "English", "Mono", "1.37 : 1", "Color", "18", "17", "TV Mini Series", "True", "False", "False"
"148", "Mindhunter", "8.6", "https://www.imdb.com/title/tt5290382/", "https://m.media-amazon.com/images/M/MV5BYTk4NDA4MGMtNjliOC00MjExLWI1YzctOTc4NWIxM2I1YjM5XkEyXkFqcGc@._V1_.jpg", "In the late 1970s, two FBI agents broaden the realm of criminal science by investigating the psychology behind murder and end up getting too close to real-life monsters.", "Crime, Drama, Mystery", "0", "TV-MA", "prison, interview, police, police investigation, murder", "US", "221", "DOWN 15", "", "", "Jonathan Groff, Holt McCallany, Anna Torv", "Jonathan Groff, Holt McCallany, Anna Torv, Sonny Valicenti", "", "", "", "", "Pittsburgh, Pennsylvania, USA", "English", "Dolby Digital", "2.20 : 1", "Color", "5", "34", "TV Series", "True", "False", "False"
"149", "Mr. Bean", "8.6", "https://www.imdb.com/title/tt0096657/", "https://m.media-amazon.com/images/M/MV5BZmY2OGQ4MTAtYTRkMy00NmYxLThlZTktOGE1NTRmNDVlZmI4XkEyXkFqcGc@._V1_.jpg", "Bumbling, childlike Mr. Bean has trouble completing the simplest of day-to-day tasks, but his perseverance and resourcefulness frequently allow him to find ingenious ways around problems.", "Comedy, Family", "0", "Not Rated", "physical comedy, slapstick comedy, stupidity, tiger aspect, comedy of errors", "GB", "949", "UP 442", "", "", "Rowan Atkinson, Matilda Ziegler, Robin Driscoll", "Rowan Atkinson, Matilda Ziegler, Robin Driscoll, Matthew Ashforde", "", "", "", "", "London, England, UK", "English", "Mono", "1.33 : 1", "Color", "4", "8", "TV Series", "True", "False", "False"
"150", "Bron/Broen", "8.6", "https://www.imdb.com/title/tt1733785/", "https://m.media-amazon.com/images/M/MV5BMjQ3MDAzNDU4NV5BMl5BanBnXkFtZTgwNjE2NDQ0NzE@._V1_.jpg", "When a body is found on the bridge between Denmark and Sweden, right on the border, Danish inspector Martin Rohde and Swedish Saga Norén have to share jurisdiction and work together to find the killer.", "Crime, Mystery, Thriller", "0", "TV-MA", "nordic noir, bilingual, sweden, female police detective, female protagonist", "SE", "850", "DOWN 19", "", "", "Sofia Helin, Rafael Pettersson, Sarah Boberg", "Sofia Helin, Rafael Pettersson, Sarah Boberg, Candice van Litsenborgh", "SEK 100,000,000", "", "", "", "Malmö, Skåne län, Sweden", "Swedish, Danish, English, Italian, French", "", "1.78 : 1, 16:9 HD", "Color", "9", "21", "TV Series", "True", "False", "False"
"151", "It&apos;s a Sin", "8.6", "https://www.imdb.com/title/tt9140342/", "https://m.media-amazon.com/images/M/MV5BMzI4NThmYTQtY2E2Ni00NjI0LThmYzQtNmZlMmI1NzY2OWQ0XkEyXkFqcGc@._V1_.jpg", "It is 1981 and Ritchie, Roscoe and Colin begin a new life in London. Strangers at first, these lads and Jill find themselves thrown together. But a new virus is on the rise, and soon their lives will be tested in ways they never i...", "Drama", "0", "TV-MA", "1980s, homosexuality, aids, gay man, gay", "GB", "1597", "UP 282", "", "", "Olly Alexander, Nathaniel Curtis, Shaun Dooley", "Olly Alexander, Nathaniel Curtis, Shaun Dooley, Omari Douglas", "", "", "", "", "University of Chester, Padgate Campus, Warrington, England, UK", "English", "Dolby Digital", "2.00:1", "Color", "25", "50", "TV Mini Series", "True", "False", "False"
"152", "House of Cards", "8.6", "https://www.imdb.com/title/tt1856010/", "https://m.media-amazon.com/images/M/MV5BMTQ4MDczNDYwNV5BMl5BanBnXkFtZTcwNjMwMDk5OA@@._V1_.jpg", "A Congressman works with his equally conniving wife to exact revenge on the people who betrayed him.", "Drama, Thriller", "0", "TV-MA", "machiavellianism, female nudity, female rear nudity, government corruption, media manipulation", "US", "410", "DOWN 9", "", "", "Kevin Spacey, Michel Gill, Robin Wright", "Kevin Spacey, Michel Gill, Robin Wright, Michael Kelly", "USD 60,000,000", "", "", "", "2601 Greenmount Avenue, Baltimore, Maryland, USA", "English", "Dolby Digital", "2.00 : 1", "Color", "35", "220", "TV Series", "True", "False", "False"
"153", "Primal", "8.6", "https://www.imdb.com/title/tt10332508/", "https://m.media-amazon.com/images/M/MV5BOTc0NTUyYmItOTY4Yi00ZjY5LWI1NjMtNDgyODJhYWRiY2UxXkEyXkFqcGc@._V1_.jpg", "A caveman and a dinosaur bond over unfortunate tragedies and become each other&apos;s only hope of survival in a treacherous world.", "Animation, Action, Adventure", "0", "TV-MA", "gore, 2d animation, caveman, dinosaur, barbarian", "US", "1155", "DOWN 41", "", "", "Aaron LaPlante, Laëtitia Eïdo, Fred Tatasciore", "Aaron LaPlante, Laëtitia Eïdo, Fred Tatasciore, Imari Williams", "", "", "", "", "", "English, Norse, Old, Arabic, Irish Gaelic", "Dolby Digital", "2.39 : 1", "Color", "9", "4", "TV Series", "True", "False", "False"
"154", "Haikyû!!", "8.7", "https://www.imdb.com/title/tt3398540/", "https://m.media-amazon.com/images/M/MV5BYjYxMWFlYTAtYTk0YS00NTMxLWJjNTQtM2E0NjdhYTRhNzE4XkEyXkFqcGc@._V1_.jpg", "Determined to be like the volleyball championship&apos;s star player nicknamed &quot;the small giant&quot;, Shoyo joins his school&apos;s volleyball club.", "Animation, Comedy, Drama", "0", "TV-14", "anime, school, shounen, based on manga, volleyball sport", "JP", "965", "UP 44", "", "", "Ayumu Murase, Kaito Ishikawa, Yu Hayashi", "Ayumu Murase, Kaito Ishikawa, Yu Hayashi, Satoshi Hino", "", "", "", "", "", "Japanese, English", "Stereo", "", "Color", "10", "20", "TV Series", "True", "False", "False"
"155", "Blackadder II", "8.6", "https://www.imdb.com/title/tt0088484/", "https://m.media-amazon.com/images/M/MV5BZmIyYmYwZDUtYmRiNi00ZmQ5LTliMDctZGE2ZjE0MWRlYzE4XkEyXkFqcGc@._V1_.jpg", "In the Tudor court of Elizabeth I, Lord Edmund Blackadder strives to win Her Majesty&apos;s favour while attempting to avoid a grisly fate should he offend her.", "Comedy", "0", "TV-PG", "aristocracy, early modern period, crossdressing, female nudity, sitcom comedy", "GB", "4932", "DOWN 2413", "", "", "Rowan Atkinson, Tony Robinson, Tim McInnerny", "Rowan Atkinson, Tony Robinson, Tim McInnerny, Miranda Richardson", "", "", "", "", "BBC Television Centre, Wood Lane, Shepherd's Bush, London, England, UK", "English", "Mono", "1.33 : 1", "Color", "1", "1", "TV Series", "True", "False", "False"
"156", "Le bureau des légendes", "8.7", "https://www.imdb.com/title/tt4063800/", "https://m.media-amazon.com/images/M/MV5BZDk2NDA3MzktNTQyOS00YjY0LWI2ZDgtMWI2MTQ5N2Q1Njg0XkEyXkFqcGc@._V1_.jpg", "A very unique and captivating series about the &quot;bureau des légendes&quot;, the mythical powerhouse within the French Secret Service and its dare devil ghost agents.", "Drama, Thriller", "0", "TV-MA", "spy, dgse, cia agent, french intelligence, paris france", "FR", "697", "DOWN 232", "", "", "Mathieu Kassovitz, Florence Loiret Caille, Jonathan Zaccaï", "Mathieu Kassovitz, Florence Loiret Caille, Jonathan Zaccaï, Sara Giraudeau", "", "", "", "", "Morocco", "French, Arabic, English, Persian, Russian, Italian", "Stereo", "1.78 : 1", "Color", "6", "19", "TV Series", "True", "False", "False"
"157", "The Mandalorian", "8.6", "https://www.imdb.com/title/tt8111088/", "https://m.media-amazon.com/images/M/MV5BNjgxZGM0OWUtZGY1MS00MWRmLTk2N2ItYjQyZTI1OThlZDliXkEyXkFqcGc@._V1_.jpg", "The travels of a lone bounty hunter in the outer reaches of the galaxy, far from the authority of the New Republic.", "Action, Adventure, Fantasy", "0", "TV-14", "bounty hunter, star wars, armor, mandalorian, outer space", "US", "297", "DOWN 35", "", "", "Pedro Pascal, Chris Bartlett, Katee Sackhoff", "Pedro Pascal, Chris Bartlett, Katee Sackhoff, Carl Weathers", "USD 100,000,000", "", "", "", "El Segundo, California, USA", "English", "Dolby Digital, Dolby Atmos", "2.39 : 1", "Color", "62", "158", "TV Series", "True", "False", "False"
"158", "El Chavo del Ocho", "8.7", "https://www.imdb.com/title/tt0229889/", "https://m.media-amazon.com/images/M/MV5BNmRkZmIxMmYtMjY5Ny00MzA3LWI1MmYtZDg3MjBhZDFlZTY5XkEyXkFqcGc@._V1_.jpg", "The misadventures of a poor, homeless, fumbling boy and his friends in their humble neighborhood.", "Comedy, Family", "0", "TV-PG", "adult as child, girl wears eyeglasses, man wears eyeglasses, hispanic comedy, laugh track", "MX", "3702", "DOWN 190", "", "", "Roberto Gómez Bolaños, Ramón Valdés, Florinda Meza", "Roberto Gómez Bolaños, Ramón Valdés, Florinda Meza, Carlos Villagrán", "", "", "", "", "Mexico City, Distrito Federal, Mexico", "Spanish", "Mono", "1.33 : 1, 4:3", "Color", "1", "5", "TV Series", "True", "False", "False"
"159", "Sarangeui bulsachak", "8.7", "https://www.imdb.com/title/tt10850932/", "https://m.media-amazon.com/images/M/MV5BZmRkNzAzODItZmI5OS00NzU0LWIwZjEtYjhiMTkyMzIwZDVjXkEyXkFqcGc@._V1_.jpg", "The absolute top secret love story of a chaebol heiress who made an emergency landing in North Korea because of a paragliding accident and a North Korean special officer who falls in love with her and who is hiding and protecting ...", "Adventure, Comedy, Drama", "0", "TV-14", "love, kdrama, korean drama, feel good romance, 2010s", "KR", "941", "DOWN 143", "", "", "Hyun Bin, Son Ye-jin, Seo Ji-hye", "Hyun Bin, Son Ye-jin, Seo Ji-hye, Kim Jung-hyun", "", "", "", "", "Interlaken, Switzerland", "Korean", "Stereo", "16:9 HD", "Color", "4", "9", "TV Mini Series", "True", "False", "False"
"160", "Andor", "8.6", "https://www.imdb.com/title/tt9253284/", "https://m.media-amazon.com/images/M/MV5BNGI2MTJjMjUtMTJhOC00YTY2LTg1NjUtMTdmMjg4YTk2YjM5XkEyXkFqcGc@._V1_.jpg", "In an era filled with danger, deception, and intrigue, Cassian Andor embarks on a path that is destined to turn him into a Rebel hero.", "Adventure, Drama, Fantasy", "0", "TV-14", "rebellion, star wars, dystopian sci fi, empire, army", "US", "152", "DOWN 13", "", "", "Diego Luna, Denise Gough, Stellan Skarsgård", "Diego Luna, Denise Gough, Stellan Skarsgård, Kyle Soller", "", "", "", "", "Cruachan Reservoir, Scotland, UK", "English", "Dolby Atmos", "2.39 : 1", "Color", "44", "137", "TV Series", "True", "False", "False"
"161", "A Knight of the Seven Kingdoms", "8.6", "https://www.imdb.com/title/tt27497448/", "https://m.media-amazon.com/images/M/MV5BYzg4M2U3YWMtMWY4MS00MzFkLTk2ZWQtOThiOGYxZDEyMGQ2XkEyXkFqcGc@._V1_.jpg", "A century before the events of &quot;Game of Thrones,&quot; Ser Duncan the Tall, and his squire, Egg, wander through Westeros while the Targaryen dynasty rule the Iron Throne. Great destinies and enemies await the incomparable friends.", "Adventure, Drama, Fantasy", "0", "TV-MA", "prequel, based on novella, westeros, game of thrones, knight", "US", "86", "UP 44", "", "", "Peter Claffey, Dexter Sol Ansell, Daniel Ings", "Peter Claffey, Dexter Sol Ansell, Daniel Ings, Shaun Thomas", "", "", "", "", "Mourne Mountains, County Down, Northern Ireland, UK", "English", "Dolby Atmos", "2.00 : 1", "Color", "1", "22", "TV Series", "True", "False", "False"
"162", "Yes Minister", "8.6", "https://www.imdb.com/title/tt0080306/", "https://m.media-amazon.com/images/M/MV5BY2FkYTVmMjMtN2IyMS00YTI2LTgzYTItOTFhYmI3M2Y0ODUxXkEyXkFqcGc@._V1_.jpg", "The Right Honorable James Hacker has landed the plum job of Cabinet Minister to the Department of Administration. At last he is in a position of power and can carry out some long-needed reforms, or so he thinks.", "Comedy", "0", "TV-PG", "minister, british government, british politics, civil servant, bureaucrat", "GB", "3141", "UP 229", "", "", "Paul Eddington, Nigel Hawthorne, Derek Fowlds", "Paul Eddington, Nigel Hawthorne, Derek Fowlds, Diana Hoddinott", "", "", "", "", "Westminster, London, England, UK", "English", "Mono", "1.33 : 1", "Color", "6", "3", "TV Series", "True", "False", "False"
"163", "The Offer", "8.6", "https://www.imdb.com/title/tt13111040/", "https://m.media-amazon.com/images/M/MV5BZTM2OWE3NGYtNDIyZi00NGJiLTgwMTQtZGFiNjIwMzBkY2UwXkEyXkFqcGc@._V1_.jpg", "Oscar-winning producer Albert S. Ruddy&apos;s never-before-revealed experiences of making The Godfather (1972).", "Biography, Crime, Drama", "0", "TV-MA", "godfather, tv mini series, landmark, showbiz drama, albert s. ruddy character", "US", "572", "DOWN 1", "", "", "Miles Teller, Matthew Goode, Dan Fogler", "Miles Teller, Matthew Goode, Dan Fogler, Burn Gorman", "", "", "", "", "Paramount Studios - 5555 Melrose Avenue, Hollywood, Los Angeles, California, USA", "English", "Dolby Digital", "2.39 : 1", "Color", "3", "6", "TV Mini Series", "True", "False", "False"
"164", "Shogun", "8.6", "https://www.imdb.com/title/tt2788316/", "https://m.media-amazon.com/images/M/MV5BZmJkMDRjYzEtMWI3Ny00OWE3LWJlNTItMGQ1MTQzMzc3NDY5XkEyXkFqcGc@._V1_.jpg", "When a mysterious European ship is found marooned in a nearby Japanese fishing village, Lord Yoshii Toranaga discovers secrets that could tip the scales of power and devastate his enemies.", "Action, Adventure, Drama", "0", "TV-MA", "japan, based on novel, 17th century, samurai action, female topless nudity", "US", "237", "DOWN 25", "", "", "Cosmo Jarvis, Hiroyuki Sanada, Anna Sawai", "Cosmo Jarvis, Hiroyuki Sanada, Anna Sawai, Tadanobu Asano", "", "", "", "", "Vancouver, British Columbia, Canada", "Japanese, English", "Dolby Digital, Dolby Atmos", "2.00 : 1", "Color", "94", "75", "TV Series", "True", "False", "False"
"165", "The Return of Sherlock Holmes", "8.7", "https://www.imdb.com/title/tt0090509/", "https://m.media-amazon.com/images/M/MV5BODM1NTgxOTMtM2VmZi00M2FkLWJiYWUtMjc5Yjk1MzY5ZTYxXkEyXkFqcGc@._V1_.jpg", "Sherlock Holmes and Dr Watson solve the mysteries of the devil&apos;s foot, Silver Blaze, Wisteria Lodge and the Bruce-Partington Plans.", "Crime, Drama, Mystery", "0", "TV-PG", "sherlock holmes character, dr. john watson character, whodunnit mystery, 19th century, based on short story", "GB", "2314", "UP 443", "", "", "Jeremy Brett, Edward Hardwicke, Rosalie Williams", "Jeremy Brett, Edward Hardwicke, Rosalie Williams, Colin Jeavons", "", "", "", "", "Granada Studios, Quay Street, Manchester, Greater Manchester, England, UK", "English", "Stereo", "1.33 : 1", "Color", "0", "0", "TV Series", "True", "False", "False"
"166", "Pose", "8.6", "https://www.imdb.com/title/tt7562112/", "https://m.media-amazon.com/images/M/MV5BNmU5MDAzNmMtOTEyZS00YjRlLThiMjMtM2ViMGEyODM0MjhiXkEyXkFqcGc@._V1_.jpg", "In the New York of the late &apos;80s and early &apos;90s, this is a story of ball culture and the gay and trans community, the raging AIDS crisis, and capitalism.", "Drama", "0", "TV-MA", "1980s, new york city, ball culture, voguing, gay", "US", "1405", "UP 17", "", "", "Michaela Jaé (MJ) Rodriguez, Dominique Jackson, Indya Moore", "Michaela Jaé (MJ) Rodriguez, Dominique Jackson, Indya Moore, Angel Bismark", "", "", "", "", "Louis Valentino, Jr. Park and Pier, Red Hook, Brooklyn, New York, USA", "English", "Stereo", "16:9 HD", "Color", "41", "128", "TV Series", "True", "False", "False"
"167", "One Punch Man: Wanpanman", "8.6", "https://www.imdb.com/title/tt4508902/", "https://m.media-amazon.com/images/M/MV5BNzMwOGQ5MWItNzE3My00ZDYyLTk4NzAtZWIyYWI0NTZhYzY0XkEyXkFqcGc@._V1_.jpg", "Saitama, a superhero who can defeat any foe with a single punch, battles boredom as he searches for a worthy opponent in a world plagued by monsters.", "Animation, Action, Comedy", "0", "TV-PG", "anime, based on manga, superhero action, satire comedy, superhero", "JP", "559", "UP 40", "", "", "Makoto Furukawa, Kaito Ishikawa, Max Mittelman", "Makoto Furukawa, Kaito Ishikawa, Max Mittelman, Zach Aguilar", "", "", "", "", "", "Japanese", "DTS-Stereo", "1.78 : 1, 16:9 HD", "Color", "3", "9", "TV Series", "True", "False", "False"
"168", "Gomorra", "8.6", "https://www.imdb.com/title/tt2049116/", "https://m.media-amazon.com/images/M/MV5BYWUwYmYwNmItMTRiMy00ZDBhLWE3OTUtMDdmYjA1Mzc2M2IwXkEyXkFqcGc@._V1_.jpg", "Ciro disregards tradition in his attempt to become the next boss of his crime syndicate. The internal power struggle puts him and his entire family&apos;s life at risk.", "Crime, Drama, Thriller", "0", "TV-MA", "shifting power, treason, camorra, organised crime, cocaine war", "IT", "948", "DOWN 120", "", "", "Salvatore Esposito, Marco D'Amore, Cristiana Dell'Anna", "Salvatore Esposito, Marco D'Amore, Cristiana Dell'Anna, Ivana Lotito", "", "", "", "", "", "Neapolitan, Italian", "Dolby Digital", "1.85 : 1", "Color", "10", "2", "TV Series", "True", "False", "False"
"169", "Greatest Events of WWII in Colour", "8.6", "https://www.imdb.com/title/tt9103932/", "https://m.media-amazon.com/images/M/MV5BY2NmYjgzZTItNzllZC00YWFiLWEzOTAtNWMyNzhhMDdjOWQ2XkEyXkFqcGc@._V1_.jpg", "A series of colorized archive footage of important events during World War II.", "Documentary, History, War", "0", "", "tv mini series, world war two, colorized black and white footage, war footage, failed military strategy", "GB", "4035", "DOWN 747", "", "", "Derek Jacobi, Adolf Hitler, Geoffrey Wawro", "Derek Jacobi, Adolf Hitler, Geoffrey Wawro, Franklin D. Roosevelt", "", "", "", "", "", "English", "", "", "Color", "0", "0", "TV Mini Series", "True", "False", "False"
"170", "Blackadder the Third", "8.6", "https://www.imdb.com/title/tt0092324/", "https://m.media-amazon.com/images/M/MV5BODZlNWM4OWEtMmUyNS00YjY5LWI3YmEtZDNkZTdlNDY5Zjc3XkEyXkFqcGc@._V1_.jpg", "In the Regency era, Mr E. Blackadder serves as butler to the foppish numskull Prince George amidst the fads and crazes of the time.", "Comedy", "0", "TV-PG", "regency era, prince regent, prince, prince of wales, regent", "GB", "3592", "DOWN 846", "", "", "Rowan Atkinson, Tony Robinson, Hugh Laurie", "Rowan Atkinson, Tony Robinson, Hugh Laurie, Helen Atkinson Wood", "", "", "", "", "BBC Television Centre, Wood Lane, Shepherd's Bush, London, England, UK", "English", "Mono", "1.33 : 1", "Color", "3", "6", "TV Series", "True", "False", "False"
"171", "The Jinx: The Life and Deaths of Robert Durst", "8.6", "https://www.imdb.com/title/tt4299972/", "https://m.media-amazon.com/images/M/MV5BYTVhZGNkNDMtNWEwMi00ODgxLTg2NTItN2UxOWFjYzNlZjUwXkEyXkFqcGc@._V1_.jpg", "Filmmaker Andrew Jarecki examines the complicated life of reclusive real estate icon Robert Durst, the key suspect in a series of unsolved crimes.", "Documentary, Biography, Crime", "0", "TV-14", "crime documentary, murder, true crime, docuseries documentary, suspicion of murder", "US", "1287", "DOWN 117", "", "", "Robert Durst, Andrew Jarecki, Charles Bagli", "Robert Durst, Andrew Jarecki, Charles Bagli, Kathie Durst", "", "", "", "", "", "English", "Stereo", "1.78 : 1", "Color, Black and White", "8", "14", "TV Series", "True", "False", "False"
"172", "The Newsroom", "8.6", "https://www.imdb.com/title/tt1870479/", "https://m.media-amazon.com/images/M/MV5BNzk4ZjllMjktY2MyMy00N2M3LWFhYjYtM2FkY2YxMzkyNzgyXkEyXkFqcGc@._V1_.jpg", "A newsroom undergoes some changes in its workings and morals as a new team is brought in, bringing unexpected results for its existing news anchor.", "Drama", "0", "TV-MA", "newsroom, ethics, television producer, news reporting, tv news", "US", "700", "DOWN 61", "", "", "Jeff Daniels, Emily Mortimer, John Gallagher Jr.", "Jeff Daniels, Emily Mortimer, John Gallagher Jr., Alison Pill", "", "", "", "", "Hollywood, Los Angeles, California, USA", "English", "Dolby Digital", "16:9 HD", "Color", "10", "34", "TV Series", "True", "False", "False"
"173", "The Penguin", "8.6", "https://www.imdb.com/title/tt15435876/", "https://m.media-amazon.com/images/M/MV5BYmU3MzYzOWEtOTdkZi00YzA1LTliMzQtNDdiZDBjY2FiNmFlXkEyXkFqcGc@._V1_.jpg", "Following the events of The Batman (2022), Oz Cobb, a.k.a. the Penguin, makes a play to seize the reins of the crime world in Gotham.", "Crime, Drama", "0", "TV-MA", "villain, prequel, spin off, origin story, based on comic", "US", "269", "UP 2", "", "", "Colin Farrell, Cristin Milioti, Rhenzy Feliz", "Colin Farrell, Cristin Milioti, Rhenzy Feliz, Deirdre O'Connell", "", "", "", "", "New York City, New York, USA", "English", "Dolby Atmos, Dolby Digital", "2.00 : 1", "Color", "56", "65", "TV Mini Series", "True", "False", "False"
"174", "Homicide: Life on the Street", "8.7", "https://www.imdb.com/title/tt0106028/", "https://m.media-amazon.com/images/M/MV5BYmE0NjVhM2ItZTMzNi00M2QxLWEzZjctYzcxMTU2Y2QzMmEyXkEyXkFqcGc@._V1_.jpg", "An American police procedural television series chronicling the work of a fictional version of the Baltimore Police Department&apos;s Homicide Unit.", "Crime, Drama, Mystery", "0", "TV-14", "social commentary, justice, police procedural crime, cop drama, police station", "US", "1188", "DOWN 42", "", "", "Richard Belzer, Clark Johnson, Yaphet Kotto", "Richard Belzer, Clark Johnson, Yaphet Kotto, Kyle Secor", "", "", "", "", "Baltimore, Maryland, USA", "English", "Stereo", "1.33 : 1", "Color", "25", "84", "TV Series", "True", "False", "False"
"175", "Anne with an E", "8.6", "https://www.imdb.com/title/tt5421602/", "https://m.media-amazon.com/images/M/MV5BZWUzZGM1OTYtMWUyNS00NTBmLTg1YTMtOTllMWFmYjk2NGU2XkEyXkFqcGc@._V1_.jpg", "The adventures of a young orphan girl living in late-19th-century Canada. Follow Anne as she learns to navigate her new life on Prince Edward Island in this new take on L.M. Montgomery&apos;s classic novels.", "Drama, Family", "0", "TV-PG", "found family, rural setting, orphan, prince edward island, coming of age", "CA", "838", "DOWN 30", "", "", "Amybeth McNulty, Geraldine James, R.H. Thomson", "Amybeth McNulty, Geraldine James, R.H. Thomson, Andrea Arruti", "", "", "", "", "Prince Edward Island, Canada", "English, French, Micmac", "Stereo", "16:9 HD", "Color", "24", "54", "TV Series", "True", "False", "False"
"176", "Boardwalk Empire", "8.5", "https://www.imdb.com/title/tt0979432/", "https://m.media-amazon.com/images/M/MV5BN2MzODhjYTEtZTA2ZS00ZTRjLTlkZDYtNTBkNTdhNWJlMTYwXkEyXkFqcGc@._V1_.jpg", "An Atlantic City politician plays both sides of the law by conspiring with gangsters during the Prohibition era.", "Crime, Drama", "0", "TV-MA", "prohibition, murder, 1920s, nude dead woman, sex scene", "US", "315", "UP 58", "", "", "Steve Buscemi, Kelly Macdonald, Michael Shannon", "Steve Buscemi, Kelly Macdonald, Michael Shannon, Shea Whigham", "", "", "", "", "Ridgewood, Queens, New York City, New York, USA", "English", "Dolby Digital", "16:9 HD", "Color", "64", "186", "TV Series", "True", "False", "False"
"177", "Critical Role", "9", "https://www.imdb.com/title/tt4834232/", "https://m.media-amazon.com/images/M/MV5BMzYyNWM1MTItMTI5YS00Njg3LWE4MjItNmYwM2VkOTRkNjgzXkEyXkFqcGc@._V1_.jpg", "A live weekly show in which a band of professional voice actors improvise, role-play, and roll their way through an epic Dungeons and Dragons campaign.", "Adventure, Fantasy", "0", "TV-14", "role playing game, dungeons and dragons, fantasy game, dungeon master, board game", "US", "2302", "UP 567", "", "", "Matthew Mercer, Liam O'Brien, Taliesin Jaffe", "Matthew Mercer, Liam O'Brien, Taliesin Jaffe, Marisha Ray", "USD 690", "", "", "", "", "English", "", "", "Color", "2", "3", "TV Series", "True", "False", "False"
"178", "Dopesick", "8.6", "https://www.imdb.com/title/tt9174558/", "https://m.media-amazon.com/images/M/MV5BYmM0ZGFkZTctZjg2Ny00YmFhLThhNmItZjRjODk4ZGJhNWY3XkEyXkFqcGc@._V1_.jpg", "The series takes viewers to the epicenter of America&apos;s struggle with opioid addiction, from the boardrooms of Purdue Pharma, to a distressed Virginia mining community, to the hallways of the DEA.", "Drama", "0", "TV-MA", "lesbian, coming out, opioid withdrawal, corporate crime, based on true story", "US", "770", "DOWN 78", "", "", "Michael Keaton, Peter Sarsgaard, Michael Stuhlbarg", "Michael Keaton, Peter Sarsgaard, Michael Stuhlbarg, Will Poulter", "", "", "", "", "Clifton Forge, Virginia, USA", "English", "Dolby Digital", "16:9 HD, 2.00 : 1", "Color", "18", "48", "TV Mini Series", "True", "False", "False"
"179", "Scavengers Reign", "8.6", "https://www.imdb.com/title/tt21056886/", "https://m.media-amazon.com/images/M/MV5BZmEyOWU1YjctNjgxNS00MTcyLTk3NDgtZmY3ZjBkY2RkN2YxXkEyXkFqcGc@._V1_.jpg", "The crew of a damaged deep space freighter are stranded on a beautiful but dangerous planet.", "Animation, Adventure, Drama", "0", "TV-MA", "adult animation, 2d animation, space, exploration, female protagonist", "US", "1099", "DOWN 130", "", "", "Sunita Mani, Wunmi Mosaku, Bob Stephenson", "Sunita Mani, Wunmi Mosaku, Bob Stephenson, Alia Shawkat", "", "", "", "", "", "English", "Dolby Digital", "1.78 : 1", "Color", "1", "5", "TV Mini Series", "True", "False", "False"
"180", "Yeh Meri Family", "8.9", "https://www.imdb.com/title/tt8595766/", "https://m.media-amazon.com/images/M/MV5BNGE2M2U0NTUtNDc2MC00MThmLWI2NzctMGY2MjlmZmRmMDFhXkEyXkFqcGc@._V1_.jpg", "Through the lens of a 90s kid, we witness a family navigate through the ups and downs of life during this magical and nostalgic era.", "Comedy, Drama, Family", "0", "TV-14", "web series, mother son relationship, sibling rivalry, sister, comics", "IN", "2619", "UP 698", "", "", "Hetal Gada, Rajesh Kumar, Anngad Raaj", "Hetal Gada, Rajesh Kumar, Anngad Raaj, Juhi Parmar", "", "", "", "", "Jaipur, Rajasthan, India", "Hindi", "", "", "Color", "14", "8", "TV Series", "True", "False", "False"
"181", "Omar", "9", "https://www.imdb.com/title/tt2063241/", "https://m.media-amazon.com/images/M/MV5BOWUxN2ZjZWYtYjViZC00ZmVlLTg4NDItNjY1OTAzODFkNDgzXkEyXkFqcGc@._V1_.jpg", "The life of Umar Ibn Al-Khattab, the second Caliph of Rashidun Caliphate, before and after he embraces in Islam.", "Biography, Drama, History", "0", "Approved", "character name as series title, two word series title, eastern roman empire, kingdom of aksum, arabian peninsula", "AE", "2437", "UP 290", "", "", "Samer Ismail, Assad Khalifa, Mehyar Khaddour", "Samer Ismail, Assad Khalifa, Mehyar Khaddour, Ghassan Massoud", "SAR 200,000,000", "", "", "", "Morocco", "Arabic", "", "", "Color", "0", "0", "TV Series", "True", "False", "False"
"182", "Archer", "8.6", "https://www.imdb.com/title/tt1486217/", "https://m.media-amazon.com/images/M/MV5BMTg3NTMwMzY2OF5BMl5BanBnXkFtZTgwMDcxMjQ0NDE@._V1_.jpg", "Suave, confident and devastatingly handsome Sterling Archer, the world&apos;s greatest spy, and his misguided cohorts navigate the spy world.", "Animation, Action, Comedy", "0", "TV-MA", "spy, adult animation, domineering mother, violence, espionage", "US", "808", "UP 5", "", "", "H. Jon Benjamin, Judy Greer, Amber Nash", "H. Jon Benjamin, Judy Greer, Amber Nash, Chris Parnell", "", "", "", "", "Atlanta, Georgia, USA", "English", "Stereo", "1.78 : 1", "Color", "15", "81", "TV Series", "True", "False", "False"
"183", "Mystery Science Theater 3000", "8.6", "https://www.imdb.com/title/tt0094517/", "https://m.media-amazon.com/images/M/MV5BNDA1MjM1Y2ItNjJjZi00ZjFkLWI5MjMtYWM3ODIwZDI5M2IzXkEyXkFqcGc@._V1_.jpg", "In the not-too-distant future Joel Robinson is held captive by Dr. Forrester and TV&apos;s Frank, forced to watch B-Grade movies on the Satellite of Love with the help of his robot friends: Cambot, Gypsy, Tom Servo and Crow T. Robot.", "Comedy, Sci-Fi", "0", "TV-14", "robot, robot sci fi, cringe comedy, near future, horror host", "US", "2542", "UP 212", "", "", "Joel Hodgson, Michael J. Nelson, Trace Beaulieu", "Joel Hodgson, Michael J. Nelson, Trace Beaulieu, Kevin Murphy", "", "", "", "", "Minneapolis, Minnesota, USA", "English", "Dolby", "1.33 : 1", "Black and White, Color", "8", "16", "TV Series", "True", "False", "False"
"184", "Stranger Things", "8.6", "https://www.imdb.com/title/tt4574334/", "https://m.media-amazon.com/images/M/MV5BMjEzMDAxOTUyMV5BMl5BanBnXkFtZTgwNzAxMzYzOTE@._V1_.jpg", "In 1980s Indiana, a group of young friends witness supernatural forces and secret government exploits. As they search for answers, the children unravel a series of extraordinary mysteries.", "Drama, Fantasy, Horror", "0", "TV-MA", "government conspiracy, 1980s, friendship, monster, small town", "US", "56", "UP 3", "", "", "Millie Bobby Brown, Finn Wolfhard, Winona Ryder", "Millie Bobby Brown, Finn Wolfhard, Winona Ryder, David Harbour", "", "", "", "", "Vilnius, Lithuania", "English", "Dolby Digital, Dolby Atmos", "2.00 : 1", "Color", "125", "346", "TV Series", "True", "False", "False"
"185", "Justified", "8.6", "https://www.imdb.com/title/tt1489428/", "https://m.media-amazon.com/images/M/MV5BZGIzNmFlMzgtYWY0MC00NjFmLWJhMGItZTM2YjVlZjY3ZjBlXkEyXkFqcGc@._V1_.jpg", "Enforcing his own brand of justice, U.S. Marshal Raylan Givens, a strong-willed, quiet law-man haunted by his past, returns to his native town to see that justice is served to those in need.", "Action, Crime, Drama", "0", "TV-MA", "reference to the gunfight at the o.k. corral, u.s. marshal service, u.s. deputy marshal, crime gang, u.s. marshal", "US", "263", "DOWN 35", "", "", "Timothy Olyphant, Nick Searcy, Joelle Carter", "Timothy Olyphant, Nick Searcy, Joelle Carter, Jacob Pitts", "", "", "", "", "Green Valley, California, USA", "English", "Dolby Digital", "1.78 : 1", "Color", "14", "86", "TV Series", "True", "False", "False"
"186", "The Bugs Bunny Show", "8.5", "https://www.imdb.com/title/tt0053488/", "https://m.media-amazon.com/images/M/MV5BODhlYjI1OGQtZDQyYS00OWJmLTg3ZGEtMTkwMWFjYmNkYjY4XkEyXkFqcGc@._V1_.jpg", "TV series featuring the classic Looney Tunes animated shorts.", "Animation, Comedy", "0", "TV-G", "1960s, 1970s, bugs bunny character, animal character name as title, smoky the genie character", "US", "3568", "UP 118", "", "", "Mel Blanc, June Foray, Daws Butler", "Mel Blanc, June Foray, Daws Butler, Bea Benaderet", "", "", "", "", "Warner Brothers Burbank Studios - 4000 Warner Boulevard, Burbank, California, USA", "English", "Mono, Stereo", "1.33 : 1", "", "1", "0", "TV Series", "True", "False", "False"
"187", "QI", "8.6", "https://www.imdb.com/title/tt0380136/", "https://m.media-amazon.com/images/M/MV5BOWQ4ZDNkOTEtYzZjMS00NDQ1LTljYWEtZTk3NGMxZDQ3ZTE3XkEyXkFqcGc@._V1_.jpg", "A comedy panel game in which being Quite Interesting is more important than being right. Sandi Toksvig is joined each week by four comedians to share anecdotes and trivia, and maybe answer some questions as well.", "Comedy, Game-Show", "0", "TV-PG", "panel show, british humour, knowledge, british comedy, team", "GB", "2745", "UP 13", "", "", "Alan Davies, Stephen Fry, Sandi Toksvig", "Alan Davies, Stephen Fry, Sandi Toksvig, Jimmy Carr", "", "", "", "", "The London Studios, Upper Ground, South Bank, Lambeth, London, England, UK", "English", "Stereo", "", "Color", "3", "12", "TV Series", "True", "False", "False"
"188", "Battlestar Galactica", "8.5", "https://www.imdb.com/title/tt0314979/", "https://m.media-amazon.com/images/M/MV5BNjYwYTVjMWMtZDEwYS00ODUzLWIwN2UtYTRjODUxYzU4MWEzXkEyXkFqcGc@._V1_.jpg", "Following the destruction of the Twelve Colonies of Kobol by the Cylons, a rag-tag fugitive fleet of the last remnants of mankind flees the pursuing Cylons while simultaneously searching for their true home: Earth.", "Action, Adventure, Drama", "0", "TV-14", "woman smokes a cigar, time dilation, woman wears a uniform, space sci fi, artificial intelligence sci fi", "US", "2115", "DOWN 308", "", "", "Edward James Olmos, Mary McDonnell, Katee Sackhoff", "Edward James Olmos, Mary McDonnell, Katee Sackhoff, Jamie Bamber", "USD 14,000,000", "", "", "", "Horseshoe Bay, West Vancouver, British Columbia, Canada", "English", "Dolby Digital", "16:9 HD", "Color", "5", "7", "TV Mini Series", "True", "False", "False"
"189", "Endeavour", "8.6", "https://www.imdb.com/title/tt2701582/", "https://m.media-amazon.com/images/M/MV5BOTdhYzQyMzItNTk0YS00MWNmLWFlMDctZGU0NGEzYTVlZTgzXkEyXkFqcGc@._V1_.jpg", "Set from 1965 into the 1970s, the show follows Endeavour Morse in his early years as a police constable. Working alongside his senior partner DI Fred Thursday, Morse engages in a number of investigations around Oxford.", "Crime, Drama, Mystery", "0", "TV-14", "police, 1960s, oxford england, younger version of character, character name as series title", "GB", "839", "UP 9", "", "", "Shaun Evans, Roger Allam, James Bradshaw", "Shaun Evans, Roger Allam, James Bradshaw, Anton Lesser", "", "", "", "", "", "English", "Stereo", "1.78 : 1", "Color", "0", "5", "TV Series", "True", "False", "False"
"190", "The Venture Bros.", "8.6", "https://www.imdb.com/title/tt0417373/", "https://m.media-amazon.com/images/M/MV5BMGU0OTU4MjYtMmRjMi00ODIwLTgwOWQtMTE4ZTg3YzJkYmQ3XkEyXkFqcGc@._V1_.jpg", "The bizarre escapades of pseudo-heroic scientist Dr. Rusty Venture, his competent, high-strung bodyguard, and his two overenthusiastic sons.", "Animation, Action, Adventure", "0", "TV-14", "adult swim, venture, campy, mature animation, brutality", "US", "1939", "UP 463", "", "", "Christopher McCulloch, James Urbaniak, Doc Hammer", "Christopher McCulloch, James Urbaniak, Doc Hammer, Michael Sinterniklaas", "", "", "", "", "", "English", "Stereo", "", "Color", "0", "5", "TV Series", "True", "False", "False"
"191", "Regular Show", "8.6", "https://www.imdb.com/title/tt1710308/", "https://m.media-amazon.com/images/M/MV5BMWVmMDJmYWQtMTg5Yy00NmJlLWJmNjEtYTIyYmRjMDdmMTRlXkEyXkFqcGc@._V1_.jpg", "The surreal misadventures of two best friends--a blue jay and a raccoon--as they seek to liven up their mundane jobs as groundskeepers at the local park.", "Animation, Action, Adventure", "0", "TV-PG", "park, raccoon, best friend, friend, friendship", "US", "821", "DOWN 6", "", "", "J.G. Quintel, William Salyers, Sam Marin", "J.G. Quintel, William Salyers, Sam Marin, Mark Hamill", "", "", "", "", "", "English", "Stereo", "1.78 : 1", "Color", "7", "21", "TV Series", "True", "False", "False"
"192", "Dragon Ball: Doragon bôru", "8.5", "https://www.imdb.com/title/tt0088509/", "https://m.media-amazon.com/images/M/MV5BMGQ0ZWE4NDYtYWY0Mi00MjE0LWI1MzctZDA1NGExYzE3N2FiXkEyXkFqcGc@._V1_.jpg", "A young martial artist named Goku teams up with inventor Bulma and other quirky allies on a globe-trotting quest to find the seven Dragon Balls, mystical orbs that can summon a wish-granting dragon.", "Animation, Action, Adventure", "0", "T", "supernatural power, superhero, dragon ball, based on manga, anime adaptation", "JP", "2466", "DOWN 783", "", "", "Masako Nozawa, Joji Yanami, Hiromi Tsuru", "Masako Nozawa, Joji Yanami, Hiromi Tsuru, Mayumi Tanaka", "", "", "", "", "", "Japanese", "Dolby", "", "Color", "0", "0", "TV Series", "True", "False", "False"
"193", "Heated Rivalry", "8.7", "https://www.imdb.com/title/tt35495073/", "https://m.media-amazon.com/images/M/MV5BYzYwNTk5ODYtOGVmYS00Zjc4LTk5ZDYtMTM4ODQyN2Q0MTVkXkEyXkFqcGc@._V1_.jpg", "Two rival hockey stars at the top of their game face an unexpected challenge when they develop feelings for each other, complicating their careers and the sport&apos;s expectations.", "Drama, Romance, Sport", "0", "TV-MA", "gay athlete, male nudity, closeted homosexual, gay, gay protagonist", "CA", "280", "DOWN 35", "", "", "Hudson Williams, François Arnaud, Connor Storrie", "Hudson Williams, François Arnaud, Connor Storrie, Callan Potter", "", "", "", "", "Guelph, Ontario, Canada", "English, Russian, French", "", "2.39 : 1", "Color", "42", "26", "TV Series", "True", "False", "False"
"194", "Justice League", "8.5", "https://www.imdb.com/title/tt0275137/", "https://m.media-amazon.com/images/M/MV5BNGY0MmU0YWUtZmNjZC00NjUyLTliMjktNDA2ZjIzZWEwNmZiXkEyXkFqcGc@._V1_.jpg", "Seven of the most formidable heroes form arguably the most powerful team ever.", "Animation, Action, Adventure", "0", "TV-PG", "shared universe, dc animated universe, superhero, cartoon network, supernatural power", "US", "1244", "DOWN 10", "", "", "Carl Lumbly, Phil LaMarr, Michael Rosenbaum", "Carl Lumbly, Phil LaMarr, Michael Rosenbaum, George Newbern", "", "", "", "", "Columbia/Warner Bros. Ranch - 411 North Hollywood Way, Burbank, California, USA", "English", "Stereo", "", "Color", "0", "11", "TV Series", "True", "False", "False"
"195", "Yes, Prime Minister", "8.6", "https://www.imdb.com/title/tt0086831/", "https://m.media-amazon.com/images/M/MV5BZGM4MzJjYzAtNjE4Ni00MTkwLTljZTEtMzY1MWU0N2M1YThjXkEyXkFqcGc@._V1_.jpg", "James Hacker was propelled along the corridors of power to the very pinnacle of politics - Number 10.", "Comedy", "0", "TV-PG", "sequel, british government, british politics, bureaucrat, bureaucracy", "GB", "3410", "DOWN 86", "", "", "Paul Eddington, Nigel Hawthorne, Derek Fowlds", "Paul Eddington, Nigel Hawthorne, Derek Fowlds, Diana Hoddinott", "", "", "", "", "", "English", "Stereo", "1.33 : 1", "Color", "5", "7", "TV Series", "True", "False", "False"
"196", "What We Do in the Shadows", "8.5", "https://www.imdb.com/title/tt7908628/", "https://m.media-amazon.com/images/M/MV5BNDhiYTVlYjUtMDc4OC00NzBmLWE5YTYtNDBjZDc4MzM3YzNmXkEyXkFqcGc@._V1_.jpg", "A look into the nightly lives of four vampires who have lived together on Staten Island for over a century.", "Comedy, Fantasy, Horror", "0", "TV-MA", "vampire, nudity, gay, gay subtext, gay protagonist", "US", "346", "UP 46", "", "", "Kayvan Novak, Matt Berry, Natasia Demetriou", "Kayvan Novak, Matt Berry, Natasia Demetriou, Harvey Guillén", "", "", "", "", "Toronto, Ontario, Canada", "English", "Dolby Digital", "16:9 HD", "Color", "28", "213", "TV Series", "True", "False", "False"
"197", "Young Justice", "8.6", "https://www.imdb.com/title/tt1641384/", "https://m.media-amazon.com/images/M/MV5BYzM2NmZlY2UtNDNjNi00MGI4LWFkZjgtMzExNjQ2Mjk4MGNjXkEyXkFqcGc@._V1_.jpg", "Teenage superheroes strive to prove themselves as members of the Justice League.", "Animation, Action, Adventure", "0", "TV-PG", "sexy alien, superhero action, based on comic book, superhero team, superhero", "US", "1334", "DOWN 163", "", "", "Nolan North, Danica McKellar, Jesse McCartney", "Nolan North, Danica McKellar, Jesse McCartney, Stephanie Lemelin", "", "", "", "", "", "English", "Stereo", "1.78 : 1", "Color", "9", "30", "TV Series", "True", "False", "False"
"198", "Samurai Chanpurû", "8.5", "https://www.imdb.com/title/tt0423731/", "https://m.media-amazon.com/images/M/MV5BMjBhZTY4NzMtOGU3OC00ZDllLWE2ZjUtMGFjYTU5OWI0YTQ2XkEyXkFqcGc@._V1_.jpg", "Fuu, a waitress who works in a teahouse, rescues two master swordsmen, Mugen and Jin, from their execution to help her find the &quot;samurai who smells of sunflowers.&quot;", "Animation, Action, Adventure", "0", "TV-MA", "squirrel, honorable death, 1600s, profanity, strong language", "JP", "1429", "DOWN 4", "", "", "Kazuya Nakai, Ginpei Sato, Ayako Kawasumi", "Kazuya Nakai, Ginpei Sato, Ayako Kawasumi, Steve Blum", "", "", "", "", "", "Japanese, English", "Stereo", "1.78 : 1", "Color", "0", "0", "TV Series", "True", "False", "False"
"199", "Dragon Ball", "8.5", "https://www.imdb.com/title/tt0280249/", "https://m.media-amazon.com/images/M/MV5BOWI0NzkxYTUtNGU5MS00MTUwLTk3NDItMTFlZDJiM2NlZDAxXkEyXkFqcGc@._V1_.jpg", "Dragon Ball tells the tale of a young warrior by the name of Son Goku, a young peculiar boy with a tail who embarks on a quest to become stronger and learns of the Dragon Balls, when, once all 7 are gathered, grant any wish of cho...", "Animation, Action, Adventure", "0", "TV-14", "supernatural power, dragon ball, mature animation, anime animation, superhero action", "JP", "1520", "UP 3", "", "", "Brice Armstrong, Steve Olson, Stephanie Nadolny", "Brice Armstrong, Steve Olson, Stephanie Nadolny, Zoe Slusar", "", "", "", "", "", "Japanese", "Stereo", "1.33 : 1", "Color", "0", "0", "TV Series", "True", "False", "False"
"200", "Kimetsu no Yaiba", "8.5", "https://www.imdb.com/title/tt9335498/", "https://m.media-amazon.com/images/M/MV5BMWU1OGEwNmQtNGM3MS00YTYyLThmYmMtN2FjYzQzNzNmNTE0XkEyXkFqcGc@._V1_.jpg", "A family is attacked by demons and only two members survive - Tanjiro and his sister Nezuko, who is turning into a demon slowly. Tanjiro sets out to become a demon slayer to avenge his family and cure his sister.", "Animation, Action, Adventure", "0", "TV-MA", "anime, demon slayer, death of family, abuse, crow", "JP", "242", "UP 56", "", "", "Natsuki Hanae, Zach Aguilar, Abby Trott", "Natsuki Hanae, Zach Aguilar, Abby Trott, Akari Kitô", "", "", "", "", "", "Japanese, English", "Stereo", "1.78 : 1", "Color", "29", "55", "TV Series", "True", "False", "False"
"201", "Detectorists", "8.6", "https://www.imdb.com/title/tt4082744/", "https://m.media-amazon.com/images/M/MV5BNGRjYzhmOTgtMDNlNy00YjJlLWI1MDAtMjAyMDRlMjE5OGNkXkEyXkFqcGc@._V1_.jpg", "The lives of two eccentric metal detectorists, who spend their days plodding along ploughed tracks and open fields, hoping to disturb the tedium by unearthing the fortune of a lifetime.", "Comedy", "0", "TV-14", "british comedy, archaeologist, metal detectorist, metal detector, friendship", "GB", "977", "UP 159", "", "", "Mackenzie Crook, Toby Jones, Rachael Stirling", "Mackenzie Crook, Toby Jones, Rachael Stirling, Pearce Quigley", "", "", "", "", "Framlingham, Suffolk, England, UK", "English", "Stereo", "16:9 HD", "Color", "7", "8", "TV Series", "True", "False", "False"
"202", "The Haunting of Hill House", "8.5", "https://www.imdb.com/title/tt6763664/", "https://m.media-amazon.com/images/M/MV5BMTU4NzA4MDEwNF5BMl5BanBnXkFtZTgwMTQxODYzNjM@._V1_.jpg", "Flashing between past and present, a fractured family confronts haunting memories of their old home and the terrifying events that drove them from it.", "Drama, Horror, Mystery", "0", "TV-MA", "haunted house, ghost, lesbian, old dark house, male female twins", "US", "190", "UP 37", "", "", "Michiel Huisman, Carla Gugino, Henry Thomas", "Michiel Huisman, Carla Gugino, Henry Thomas, Elizabeth Reaser", "", "", "", "", "Bisham Manor, 1901 Old Young's Mill Road, LaGrange, Georgia, USA", "English", "Dolby Digital, Dolby Atmos", "2.00 : 1", "Color", "9", "36", "TV Mini Series", "True", "False", "False"
"203", "Rocket Boys", "8.8", "https://www.imdb.com/title/tt13868972/", "https://m.media-amazon.com/images/M/MV5BNGI4Mzc5YjItMTkwMC00YTY4LTg0ZjgtMTk5N2EyM2RlYTM2XkEyXkFqcGc@._V1_.jpg", "The story of two extraordinary men, Dr. Homi Jehangir Bhabha and Dr. Vikram Ambalal Sarabhai, who created history while building India&apos;s future.", "Biography, Drama, History", "0", "", "scientist, epic history, indian historical setting, indian history, contemporary historical setting", "IN", "3182", "DOWN 384", "", "", "Jim Sarbh, Saba Azad, Regena Cassandrra", "Jim Sarbh, Saba Azad, Regena Cassandrra, Mark Bennington", "", "", "", "", "", "Hindi", "", "", "Color", "43", "44", "TV Series", "True", "False", "False"
"204", "The IT Crowd", "8.5", "https://www.imdb.com/title/tt0487831/", "https://m.media-amazon.com/images/M/MV5BNzkwNjJhZWYtZTRiNi00YWYzLTg3MzMtN2Y3OTllZmFmYTg0XkEyXkFqcGc@._V1_.jpg", "The comedic misadventures of Roy, Moss and their grifting supervisor Jen, a rag-tag team of IT support workers at a large corporation headed by a hotheaded yuppie.", "Comedy", "0", "TV-14", "it support, on the spectrum, large corporation, nerd, female boss", "GB", "647", "UP 112", "", "", "Chris O'Dowd, Richard Ayoade, Katherine Parkinson", "Chris O'Dowd, Richard Ayoade, Katherine Parkinson, Matt Berry", "", "", "", "", "Teddington Studios, Teddington, Middlesex, England, UK", "English", "Stereo", "1.33 : 1", "Color", "9", "18", "TV Series", "True", "False", "False"
"205", "Senke nad Balkanom", "8.8", "https://www.imdb.com/title/tt6108262/", "https://m.media-amazon.com/images/M/MV5BYzMwMTY3NzktNGE0NC00MjJiLWIyNzMtNGY2MDU5ZTgyMDAyXkEyXkFqcGc@._V1_.jpg", "A historical fiction drama and thriller set in the turbulent period of the late 1920s in the Balkans as a place where high politics, local interests, capital and crime all merge together.", "Crime, Drama, Thriller", "0", "TV-MA", "yugoslavia, police, secret society, conspiracy, nudity", "RS", "2681", "UP 40", "", "", "Dragan Bjelogrlic, Andrija Kuzmanovic, Goran Bogdan", "Dragan Bjelogrlic, Andrija Kuzmanovic, Goran Bogdan, Marija Bergam", "", "", "", "", "Bitola, North Macedonia", "Serbian, Russian, Macedonian, German, Slovenian, Italian, English", "", "", "Color", "10", "7", "TV Series", "True", "False", "False"
"206", "Flight of the Conchords", "8.5", "https://www.imdb.com/title/tt0863046/", "https://m.media-amazon.com/images/M/MV5BYjQzYTdhNjYtN2IzOC00YzBiLTg5NDQtYzU4OTdmYzUxMjIxXkEyXkFqcGc@._V1_.jpg", "Bret and Jemaine are Flight of the Conchords, a folk-rock band from New Zealand living in New York City in search of stardom.", "Comedy, Music, Musical", "0", "TV-MA", "new zealand, new york city, deadpan, goofball, song", "US", "1690", "UP 161", "", "", "Jemaine Clement, Bret McKenzie, Rhys Darby", "Jemaine Clement, Bret McKenzie, Rhys Darby, Kristen Schaal", "", "", "", "", "New York City, New York, USA", "English", "", "1.78 : 1", "Color", "3", "28", "TV Series", "True", "False", "False"
"207", "Mr. Robot", "8.5", "https://www.imdb.com/title/tt4158110/", "https://m.media-amazon.com/images/M/MV5BOTg4NTBiZDAtZTc0YS00NzZlLTg4Y2ItNGQ3M2ZlMDM5MWQzXkEyXkFqcGc@._V1_.jpg", "Elliot, a brilliant but unstable cyber-security engineer and vigilante hacker, becomes a key figure in a complex game of global chaos when he and his shadowy allies try to take down the corrupt corporation his company is paid to p...", "Crime, Drama, Thriller", "0", "TV-MA", "hacking, social anxiety disorder, hacker, cyber thriller, anonymous", "US", "175", "DOWN 7", "", "", "Rami Malek, Christian Slater, Carly Chaikin", "Rami Malek, Christian Slater, Carly Chaikin, Martin Wallström", "", "", "", "", "New York City, New York, USA", "English, Swedish, Danish, Chinese, Persian, Spanish, Samoan, Arabic, German", "Dolby Digital", "1.78 : 1", "Color", "23", "86", "TV Series", "True", "False", "False"
"208", "Samurai Jack", "8.5", "https://www.imdb.com/title/tt0278238/", "https://m.media-amazon.com/images/M/MV5BNjIwZDQyOTMtNjVjNy00ODBiLTlmZWYtYTJkYzVjMTc2NWJkXkEyXkFqcGc@._V1_.jpg", "A samurai, sent through time, fights to return home and save the world.", "Animation, Action, Adventure", "0", "TV-Y7", "samurai, sword, villain, quest, honor", "US", "1519", "DOWN 331", "", "", "Phil LaMarr, Mako, Kevin Michael Richardson", "Phil LaMarr, Mako, Kevin Michael Richardson, Grey DeLisle", "", "", "", "", "", "English", "Dolby Digital", "", "Color", "20", "13", "TV Series", "True", "False", "False"
"209", "Derry Girls", "8.5", "https://www.imdb.com/title/tt7120662/", "https://m.media-amazon.com/images/M/MV5BZjVhN2FhMzctZDlkMS00NTY3LWEyZmEtOTE5NDlkN2JkNDE3XkEyXkFqcGc@._V1_.jpg", "The personal exploits of a 16-year-old girl and her family and friends during the Troubles in the early 1990s in Northern Ireland.", "Comedy", "0", "TV-MA", "northern ireland, catholic, teenager, 1990s, protestant", "GB", "565", "DOWN 49", "", "", "Saoirse-Monica Jackson, Louisa Harland, Tara Lynne O'Neill", "Saoirse-Monica Jackson, Louisa Harland, Tara Lynne O'Neill, Kathy Kiera Clarke", "", "", "", "", "Belfast, County Antrim, Northern Ireland, UK", "English", "Stereo, Dolby Digital", "1.33 : 1, 2.00 : 1", "Color", "20", "18", "TV Series", "True", "False", "False"
"210", "The Family Man", "8.6", "https://www.imdb.com/title/tt9544034/", "https://m.media-amazon.com/images/M/MV5BZjM3YTczOWQtNjkzNi00ZTRlLThkZWEtZjgwZGVmODhkMDU3XkEyXkFqcGc@._V1_.jpg", "A working man from the National Investigation Agency tries to protect the nation from terrorism, but he also needs to keep his family safe from his secret job.", "Action, Comedy, Crime", "0", "TV-MA", "espionage, spy, india pakistan relationship, terrorism, anti terrorism", "IN", "1174", "UP 7", "", "", "Manoj Bajpayee, Samantha Ruth Prabhu, Priyamani", "Manoj Bajpayee, Samantha Ruth Prabhu, Priyamani, Sharib Hashmi", "", "", "", "", "Leh, Ladakh, Jammu & Kashmir, India", "Hindi", "Stereo", "", "", "71", "67", "TV Series", "True", "False", "False"
"211", "Happy Valley", "8.5", "https://www.imdb.com/title/tt3428912/", "https://m.media-amazon.com/images/M/MV5BNWEzMmI5YjgtMWE3Zi00Y2U4LWE0ODQtYjU4NGJjYzU0Nzc1XkEyXkFqcGc@._V1_.jpg", "Yorkshire-based crime drama centering on the personal and professional life of Police Sergeant Catherine Cawood.", "Crime, Drama, Thriller", "0", "TV-MA", "british police, ex convict, grandmother grandson relationship, sister sister relationship, female protagonist", "GB", "630", "DOWN 141", "", "", "Sarah Lancashire, Siobhan Finneran, James Norton", "Sarah Lancashire, Siobhan Finneran, James Norton, Rhys Connah", "", "", "", "", "Calder Valley, West Yorkshire, England, UK", "English", "Stereo", "16:9 HD", "Color", "38", "35", "TV Series", "True", "False", "False"
"212", "Coupling", "8.5", "https://www.imdb.com/title/tt0237123/", "https://m.media-amazon.com/images/M/MV5BM2EzMTA4MjgtOTBiYS00NGI2LWJhYTQtYWUzZDI2YjI2NTJlXkEyXkFqcGc@._V1_.jpg", "Six best friends talk about all aspects of sex and relationships on their never-ending quest to find true love.", "Comedy, Romance", "0", "TV-14", "sex, friendship, boyfriend girlfriend relationship, couple, british comedy", "GB", "2020", "DOWN 175", "", "", "Jack Davenport, Gina Bellman, Sarah Alexander", "Jack Davenport, Gina Bellman, Sarah Alexander, Kate Isitt", "", "", "", "", "Chiswick, London, England, UK", "English", "Stereo", "1.33 : 1, 1.78 : 1", "Color", "2", "2", "TV Series", "True", "False", "False"
"213", "The Queen&apos;s Gambit", "8.5", "https://www.imdb.com/title/tt10048342/", "https://m.media-amazon.com/images/M/MV5BMmRlNjQxNWQtMjk1OS00N2QxLTk0YWQtMzRhYjY5YTFhNjMxXkEyXkFqcGc@._V1_.jpg", "Orphaned at the tender age of nine, prodigious introvert Beth Harmon discovers and masters the game of chess in 1960s USA. But child stardom comes at a price.", "Drama", "0", "TV-MA", "addiction, chess, 1960s, talented child, female protagonist", "US", "434", "DOWN 36", "", "", "Anya Taylor-Joy, Chloe Pirrie, Bill Camp", "Anya Taylor-Joy, Chloe Pirrie, Bill Camp, Marielle Heller", "", "", "", "", "Berlin, Germany", "English, French, Spanish, Russian", "Stereo", "1.78 : 1", "Color", "55", "44", "TV Mini Series", "True", "False", "False"
"214", "I&apos;m Alan Partridge", "8.6", "https://www.imdb.com/title/tt0129690/", "https://m.media-amazon.com/images/M/MV5BOTVhYTdhYmQtN2EzZS00ZWNkLWJmYjctYTQzOWRkZWVmZGZlXkEyXkFqcGc@._V1_.jpg", "A failed television presenter, now presenting a programme on local radio desperately tries to revive his broadcasting career.", "Comedy", "0", "TV-MA", "sitcom comedy, british comedy, alan partridge character, cringe comedy, satire comedy", "GB", "3091", "UP 33", "", "", "Steve Coogan, Phil Cornwell, Simon Greenall", "Steve Coogan, Phil Cornwell, Simon Greenall, Felicity Montagu", "", "", "", "", "Hilton Hotel, Elton Way, Watford, Hertfordshire, England, UK", "English, German, French", "Stereo", "", "Color", "5", "6", "TV Series", "True", "False", "False"
"215", "The Rehearsal", "8.5", "https://www.imdb.com/title/tt10802170/", "https://m.media-amazon.com/images/M/MV5BY2IxZDU5YmQtNGRjYi00ZDA1LTljYmYtYzkwYjExZGQ0Yjc2XkEyXkFqcGc@._V1_.jpg", "Nathan Fielder gives people a chance to rehearse for their own lives in a world where nothing ever works out as expected.", "Documentary, Comedy", "0", "TV-MA", "cringe comedy, quirky comedy, docuseries documentary, satire comedy, dark comedy", "US", "289", "DOWN 86", "", "", "Nathan Fielder, Journey Baker, Anna Lamadrid", "Nathan Fielder, Journey Baker, Anna Lamadrid, Thomas McNamara", "", "", "", "", "", "English", "", "", "Color", "3", "22", "TV Series", "True", "False", "False"
"216", "Mob Psycho 100", "8.5", "https://www.imdb.com/title/tt5897304/", "https://m.media-amazon.com/images/M/MV5BYzU3NDM4ZjgtY2UyMi00YTczLTgyNDEtMjBiMDJlOGUxNjcxXkEyXkFqcGc@._V1_.jpg", "A psychic middle school boy tries to live a normal life and keep his growing powers under control, even though he constantly gets into trouble.", "Animation, Action, Comedy", "0", "TV-14", "anime, middle school, con man, psychic powers, based on manga", "JP", "806", "DOWN 4", "", "", "Setsuo Ito, Takahiro Sakurai, Miyu Irino", "Setsuo Ito, Takahiro Sakurai, Miyu Irino, Akio Otsuka", "", "", "", "", "", "Japanese", "Dolby Digital", "1.78 : 1", "Color", "13", "40", "TV Series", "True", "False", "False"
"217", "Ezel", "8.6", "https://www.imdb.com/title/tt1534360/", "https://m.media-amazon.com/images/M/MV5BY2VhYTA5YjMtNDBjZS00NTU3LTk1YWEtZGI0NDcxMTEyYjIyXkEyXkFqcGc@._V1_.jpg", "Betrayed by his trusted friends and the woman he loved, Ömer Uçar returns as Ezel to exact his vengeance.", "Crime, Drama, Thriller", "0", "TV-14", "prison, istanbul turkey, offscreen rape, son, violence", "TR", "1669", "UP 23", "", "", "Kenan Imirzalioglu, Cansu Dere, Yigit Özsener", "Kenan Imirzalioglu, Cansu Dere, Yigit Özsener, Baris Falay", "", "", "", "", "Istanbul, Turkey", "Turkish", "", "", "Color", "5", "4", "TV Series", "True", "False", "False"
"218", "Hwan Hon", "8.7", "https://www.imdb.com/title/tt20859920/", "https://m.media-amazon.com/images/M/MV5BNDFjN2YyNmEtNWNmNi00OTBiLWE4ZjYtYzU0MzMwOTM5NDZlXkEyXkFqcGc@._V1_.jpg", "Set in a fictional country called Daeho, it is about the love and growth of young mages as they overcome their twisted fates due to a forbidden magic spell known as the &quot;alchemy of souls&quot;, which allows souls to switch bodies.", "Action, Drama, Fantasy", "0", "TV-14", "sword and sorcery fantasy, secret, soul transmigration, sword and sorcery, master disciple relationship", "KR", "897", "DOWN 11", "", "", "Lee Jae-wook, Hwang Min-hyun, Yoo Joon-sang", "Lee Jae-wook, Hwang Min-hyun, Yoo Joon-sang, Oh Na-ra", "KRW 5,000,000,000", "", "", "", "Gasan Supia, Gyeongsangbuk-do, South Korea", "Korean", "", "2.28:1", "Color", "0", "0", "TV Series", "True", "False", "False"
"219", "Long Way Round", "8.6", "https://www.imdb.com/title/tt0403778/", "https://m.media-amazon.com/images/M/MV5BMzI5MGJjODAtZjQzNy00MmU1LWE2MTAtNDM4NmFmNzNkZDFkXkEyXkFqcGc@._V1_.jpg", "Ewan McGregor and Charley Boorman embark on a grueling quest to motorbike from London to New York. Going east through Europe, Asia and then to Alaska, they experience different cultures and have to overcome the elements and advers...", "Documentary, Adventure", "0", "TV-PG", "travel, motorcycle, journey, riding a motorcycle, kyiv ukraine", "GB", "3652", "DOWN 750", "", "", "Ewan McGregor, Charley Boorman, David Alexanian", "Ewan McGregor, Charley Boorman, David Alexanian, Russ Malkin", "", "", "", "", "Bojnice Castle, Bojnice, Slovakia", "English", "Stereo", "1.78 : 1", "Color", "0", "0", "TV Mini Series", "True", "False", "False"
"220", "Jujutsu Kaisen", "8.5", "https://www.imdb.com/title/tt12343534/", "https://m.media-amazon.com/images/M/MV5BMjBlNTExMDAtMWZjZi00MDc5LWFkMjgtZDU0ZWQ5ODk3YWY5XkEyXkFqcGc@._V1_.jpg", "After swallowing a cursed relic, kindhearted teenager Yuji Itadori becomes host to the King of Curses and joins a secret school of sorcerers battling monsters born from humanity&apos;s darkest emotions.", "Animation, Action, Adventure", "0", "TV-MA", "based on manga, fight, 2d animation, martial arts, exorcism", "JP", "158", "FLAT 0", "", "", "Jun'ya Enoki, Adam McArthur, Yuma Uchida", "Jun'ya Enoki, Adam McArthur, Yuma Uchida, Yuichi Nakamura", "", "", "", "", "Malaysia", "Japanese, English", "Dolby Digital", "", "Color", "33", "43", "TV Series", "True", "False", "False"
"221", "All Creatures Great &amp; Small", "8.6", "https://www.imdb.com/title/tt10590066/", "https://m.media-amazon.com/images/M/MV5BMThlZmFhOTUtNzM3My00YTAwLWEzMDMtYmI0MGZiOTlkOTQ4XkEyXkFqcGc@._V1_.jpg", "The heartwarming life and work of country vets in the 1930s and 1940s Yorkshire Dales, based on the beloved books by James Herriot.", "Comedy, Drama", "0", "TV-PG", "countryside, 1930s, veterinarian, rural setting, cow", "GB", "360", "DOWN 29", "", "", "Nicholas Ralph, Samuel West, Anna Madeley", "Nicholas Ralph, Samuel West, Anna Madeley, Rachel Shenton", "", "", "", "", "Grassington, Skipton, North Yorkshire, England, UK", "English", "Stereo", "16:9 HD", "Color", "3", "16", "TV Series", "True", "False", "False"
"222", "Twin Peaks", "8.5", "https://www.imdb.com/title/tt4093826/", "https://m.media-amazon.com/images/M/MV5BZGU5OTQ2YzctZmE4Zi00OWI0LWJmMDQtNDcxYjJmODBjN2U1XkEyXkFqcGc@._V1_.jpg", "Picks up 25 years after the inhabitants of a quaint northwestern town are stunned when their homecoming queen is murdered.", "Crime, Drama, Horror", "0", "TV-MA", "surrealism, gore, identity, multiple realities, dream sequence", "US", "467", "DOWN 38", "", "", "Kyle MacLachlan, Sheryl Lee, Michael Horse", "Kyle MacLachlan, Sheryl Lee, Michael Horse, Miguel Ferrer", "", "", "", "", "Snoqualmie, Washington, USA", "English, French", "Dolby Digital, Stereo", "1.78 : 1", "Color, Black and White", "21", "42", "TV Series", "True", "False", "False"
"223", "Making a Murderer", "8.5", "https://www.imdb.com/title/tt5189670/", "https://m.media-amazon.com/images/M/MV5BMTg4Mjc1NjE4Ml5BMl5BanBnXkFtZTgwMjk2NjA1NjM@._V1_.jpg", "Filmed over a 10-year period, Steven Avery, a DNA exoneree who, while in the midst of exposing corruption in local law enforcement, finds himself the prime suspect in a grisly new crime.", "Documentary, Crime", "0", "TV-14", "small town, police corruption, justice system, archive footage, bias", "US", "1833", "UP 11", "", "", "Steven Avery, Dolores Avery, Allan Avery", "Steven Avery, Dolores Avery, Allan Avery, Laura Nirider", "", "", "", "", "Manitowoc, Wisconsin, USA", "English", "", "1.78 : 1", "Color", "15", "14", "TV Series", "True", "False", "False"
"224", "Sons of Anarchy", "8.5", "https://www.imdb.com/title/tt1124373/", "https://m.media-amazon.com/images/M/MV5BZWNiZjFiNGEtNGZmMS00YTBlLWJlNmQtZTA2NzEzZWE4ZGQyXkEyXkFqcGc@._V1_.jpg", "A biker struggles to balance being a father and being involved in an outlaw motorcycle club.", "Crime, Drama, Thriller", "0", "TV-MA", "biker, motorcycle, gun running, irish mob, arms trafficking", "US", "159", "DOWN 14", "", "", "Charlie Hunnam, Katey Sagal, Mark Boone Junior", "Charlie Hunnam, Katey Sagal, Mark Boone Junior, Kim Coates", "", "", "", "", "Sun Valley, Los Angeles, California, USA", "English", "Dolby Digital", "1.78 : 1", "Color", "13", "58", "TV Series", "True", "False", "False"
"225", "Spaced", "8.5", "https://www.imdb.com/title/tt0187664/", "https://m.media-amazon.com/images/M/MV5BNjcwN2JiOGUtNDJkNy00NjVmLWIyYzctZDU4YWFlNjRlZmJlXkEyXkFqcGc@._V1_.jpg", "Friends Tim and Daisy, 20-something North Londoners with uncertain futures, must pretend to be a couple to live in the only apartment they can afford.", "Comedy", "0", "TV-14", "domestic comedy, sitcom comedy, quirky comedy, 1990s, 21st century", "GB", "1729", "UP 193", "", "", "Simon Pegg, Jessica Hynes, Julia Deakin", "Simon Pegg, Jessica Hynes, Julia Deakin, Nick Frost", "GBP 160,000", "", "", "", "23 Carleton Road, Tufnell Park, London, England, UK", "English", "Stereo", "1.78 : 1", "Black and White, Color", "2", "6", "TV Series", "True", "False", "False"
"226", "Takopii no genzai", "8.7", "https://www.imdb.com/title/tt36988358/", "https://m.media-amazon.com/images/M/MV5BYmRkN2I1OGEtOWM3Yi00NjViLWJjMDktYTNmZTMxYjBiNTU3XkEyXkFqcGc@._V1_.jpg", "Takopi travels from his home of Happy Planet to spread happiness on Earth, but meets the unsmiling Shizuka. Her school friends and home life are causing her melancholic expression and pure hearted Takopi is determined to change th...", "Animation, Drama, Sci-Fi", "0", "Approved", "suicide, tv mini series, anime animation, hand drawn animation, based on manga", "JP", "1249", "DOWN 144", "", "", "Kurumi Mamiya, Reina Ueda, Konomi Kohara", "Kurumi Mamiya, Reina Ueda, Konomi Kohara, Anna Nagase", "", "", "", "", "", "Japanese", "Stereo", "16:9 HD", "Color", "5", "15", "TV Mini Series", "True", "False", "False"
"227", "Whose Line Is It Anyway?", "8.5", "https://www.imdb.com/title/tt0163507/", "https://m.media-amazon.com/images/M/MV5BNjk5YmQ3YjYtYWM2My00MDQ3LTgxYTMtYzQ1ZjFlNDU4NDFjXkEyXkFqcGc@._V1_.jpg", "Improvisational comedy competition show in which four members of the regular cast as comedians and often with guest appearances with other comedians and celebrities and members of the audience perform various comic games and sketc...", "Comedy, Game-Show", "0", "TV-PG", "improvisational comedy, sketch comedy, sketch, vignette, skit", "US", "2499", "UP 956", "", "", "Drew Carey, Ryan Stiles, Colin Mochrie", "Drew Carey, Ryan Stiles, Colin Mochrie, Laura Hall", "", "", "", "", "Hollywood, Los Angeles, California, USA", "English", "Stereo", "1.33 : 1", "Color", "4", "6", "TV Series", "True", "False", "False"
"228", "Impractical Jokers", "8.5", "https://www.imdb.com/title/tt2100976/", "https://m.media-amazon.com/images/M/MV5BYjViMmNjNWQtNGY1Ni00ODZmLTk5YTctNGY5YzM5NjM0NDQ3XkEyXkFqcGc@._V1_.jpg", "Q, Sal, Joe and Murr are real-life best friends who love challenging each other to the most outrageous dares and stunts ever caught on hidden camera.", "Comedy, Reality-TV", "0", "TV-14", "hidden camera reality tv, 2010s, 2020s, 21st century, cringe comedy", "US", "1487", "DOWN 270", "", "", "James Murray, Brian Quinn, Sal Vulcano", "James Murray, Brian Quinn, Sal Vulcano, Joe Gatto", "", "", "", "", "", "English", "Stereo", "16:9 HD", "Color", "1", "1", "TV Series", "True", "False", "False"
"229", "Gintama", "8.7", "https://www.imdb.com/title/tt0988818/", "https://m.media-amazon.com/images/M/MV5BNTMzNjE0N2ItNjFiYi00NmIzLTk1MzMtZWFjNThjMzI5MTJlXkEyXkFqcGc@._V1_.jpg", "In an era where aliens have invaded and taken over feudal Tokyo, an unemployed samurai finds work however he can.", "Animation, Action, Comedy", "0", "TV-MA", "samurai, anachronism, male full frontal nudity, alien invasion, shinsengumi", "JP", "739", "DOWN 16", "", "", "Tomokazu Sugita, Daisuke Sakaguchi, Rie Kugimiya", "Tomokazu Sugita, Daisuke Sakaguchi, Rie Kugimiya, Kazuya Nakai", "", "", "", "", "", "English, Japanese", "Stereo", "1.33 : 1, 1.78 : 1", "Color", "1", "0", "TV Series", "True", "False", "False"
"230", "Shinseiki Evangelion", "8.5", "https://www.imdb.com/title/tt0112159/", "https://m.media-amazon.com/images/M/MV5BZjZjZGI3ZDQtODNmZC00NjE0LTlmYTUtOTljMWI2YjNmMTQ0XkEyXkFqcGc@._V1_.jpg", "In a post-cataclysmic future, reluctant teen Shinji Ikari is called by his estranged father to pilot an Evangelion for NERV, humanity&apos;s last defense against invading Angels threatening Tokyo-3.", "Animation, Action, Drama", "0", "TV-MA", "loneliness, existentialism, nihilism, freudian psychoanalysis, father son relationship", "JP", "710", "DOWN 70", "", "", "Megumi Ogata, Megumi Hayashibara, Kotono Mitsuishi", "Megumi Ogata, Megumi Hayashibara, Kotono Mitsuishi, Yuriko Yamaguchi", "JPY 162,500,000", "", "", "", "", "Japanese, English", "Stereo", "1.33 : 1", "Color", "0", "1", "TV Series", "True", "False", "False"
"231", "The Boys", "8.5", "https://www.imdb.com/title/tt1190634/", "https://m.media-amazon.com/images/M/MV5BZjU4OWNiYzQtMzc1NS00NjZlLTgyYTctZWY4ZmEzMTkxYjA4XkEyXkFqcGc@._V1_.jpg", "A group of vigilantes set out to take down corrupt superheroes who abuse their superpowers.", "Action, Comedy, Crime", "0", "TV-MA", "violence, enhancement drug, corporate marketing, supernatural power, superhero versus superhero", "US", "89", "UP 6", "", "", "Karl Urban, Jack Quaid, Antony Starr", "Karl Urban, Jack Quaid, Antony Starr, Erin Moriarty", "", "", "", "", "Hamilton, Ontario, Canada", "English", "Dolby Digital, Dolby Atmos", "2.39 : 1", "Color", "31", "108", "TV Series", "True", "False", "False"
"232", "Shigatsu wa kimi no uso", "8.6", "https://www.imdb.com/title/tt3895150/", "https://m.media-amazon.com/images/M/MV5BZGMyYmFmNzgtMWQ4NS00MWE2LTg4YmEtZGY1MTBiODE0YmE5XkEyXkFqcGc@._V1_.jpg", "A piano prodigy who lost his ability to play after suffering a traumatic event in his childhood is forced back into the spotlight by an eccentric girl with a secret of her own.", "Animation, Comedy, Drama", "0", "TV-PG", "death of mother, pianist, child prodigy, friendship, violinist", "JP", "1141", "DOWN 43", "", "", "Natsuki Hanae, Risa Taneda, Ayane Sakura", "Natsuki Hanae, Risa Taneda, Ayane Sakura, Ryôta Ôsaka", "", "", "", "", "", "Japanese, English, German, Spanish", "Dolby Digital", "1.78 : 1, 16:9 HD", "Color", "11", "12", "TV Series", "True", "False", "False"
"233", "Mind Your Language", "8.6", "https://www.imdb.com/title/tt0075537/", "https://m.media-amazon.com/images/M/MV5BODFhNDA4YjMtMjJkNy00MmVhLWFjM2ItNzY5NzI5YTlhM2Y3XkEyXkFqcGc@._V1_.jpg", "A diverse group of immigrants and foreigners learn English at an adult education school in London.", "Comedy", "0", "TV-14", "british comedy, principal, three word title, teacher, indian", "GB", "3153", "UP 235", "", "", "Barry Evans, George Camiller, Jacki Harding", "Barry Evans, George Camiller, Jacki Harding, Zara Nutley", "", "", "", "", "", "English", "Mono", "1.33 : 1", "Color", "0", "0", "TV Series", "True", "False", "False"
"234", "Through the Wormhole", "8.6", "https://www.imdb.com/title/tt1513168/", "https://m.media-amazon.com/images/M/MV5BMGQyNDAzNGItZWM5MC00ZDAxLTg1YjItYzhkZmU5NGQzMWEzXkEyXkFqcGc@._V1_.jpg", "Morgan Freeman explores humanity&apos;s biggest questions: our composition, what preceded existence, if we&apos;re alone in the universe, and whether there&apos;s a creator - mysteries that have challenged our greatest minds.", "Documentary", "0", "TV-PG", "science, astrophysics, universe, astronomy, outer space", "US", "4073", "UP 59", "", "", "Morgan Freeman, Sean Carroll, Michio Kaku", "Morgan Freeman, Sean Carroll, Michio Kaku, Max Tegmark", "", "", "", "", "Ventura, California, USA", "English", "Dolby Digital", "16:9 HD", "Color", "0", "4", "TV Series", "True", "False", "False"
"235", "L&apos;amica geniale", "8.6", "https://www.imdb.com/title/tt7278862/", "https://m.media-amazon.com/images/M/MV5BZjQ3NjZmMDMtNWE1MS00MWNlLWE4YzEtZjRkODhiZjJkMzIxXkEyXkFqcGc@._V1_.jpg", "A woman recounts the lifelong friendship and conflicts with a girl she met at primary school in Naples during the early 1950s.", "Drama", "0", "TV-MA", "friendship, 1950s, 1960s, student, naples italy", "IT", "1115", "DOWN 412", "", "", "Alba Rohrwacher, Annarita Vitolo, Margherita Mazzucco", "Alba Rohrwacher, Annarita Vitolo, Margherita Mazzucco, Gaia Girace", "", "", "", "", "Caserta, Campania, Italy", "Italian, Neapolitan", "Stereo", "16:9 HD", "Color", "5", "19", "TV Series", "True", "False", "False"
"236", "Louie", "8.5", "https://www.imdb.com/title/tt1492966/", "https://m.media-amazon.com/images/M/MV5BMWI4NDMxNGMtZGUxOS00MjJkLWIxMmItZGE1ODNjMDFjYzZmXkEyXkFqcGc@._V1_.jpg", "The life of Louie C.K., a divorced comedian living in New York with two kids.", "Comedy, Drama", "0", "TV-MA", "forename as series title, one word series title, finding love, dark comedy, life", "US", "1581", "DOWN 564", "", "", "Louis C.K., Hadley Delany, Ursula Parker", "Louis C.K., Hadley Delany, Ursula Parker, Pamela Adlon", "", "", "", "", "The Beaumont, 730 Riverside Drive, Harlem, Manhattan, New York City, New York, USA", "English", "Stereo", "1.78 : 1", "Color", "30", "109", "TV Series", "True", "False", "False"
"237", "Banjjagineun Woteomellon", "8.8", "https://www.imdb.com/title/tt27446493/", "https://m.media-amazon.com/images/M/MV5BZGNhMDc0NTgtODc1MS00ZWU5LTgwMWUtYmYzMDZjNDg5ODk1XkEyXkFqcGc@._V1_.jpg", "&quot;Sparkling Watermelon&quot; will tell the story of a boy living a double life between a model student and a band member who gets to time slip and meets his 18-year-old father. The two will build friendships there.", "Comedy, Drama, Fantasy", "0", "TV-14", "time travel sci fi, time travel, double life, k drama, youth", "KR", "1337", "DOWN 95", "", "", "Seol In-ah, Ryeoun, Lee Su-Chan", "Seol In-ah, Ryeoun, Lee Su-Chan, Kwon Do-Hyung", "", "", "", "", "", "Korean", "", "", "Color", "0", "0", "TV Series", "True", "False", "False"
"238", "Trailer Park Boys", "8.5", "https://www.imdb.com/title/tt0290988/", "https://m.media-amazon.com/images/M/MV5BOTA0NTAwMTc1MF5BMl5BanBnXkFtZTgwODk2NjY0ODE@._V1_.jpg", "Three petty felons have a documentary made about their life in a trailer park.", "Comedy, Crime", "0", "TV-MA", "trailer park, poverty, group of friends, trailer home, pixelated nudity", "CA", "1086", "UP 1", "", "", "John Paul Tremblay, Robb Wells, Mike Smith", "John Paul Tremblay, Robb Wells, Mike Smith, Patrick Roach", "", "", "", "", "Halifax, Nova Scotia, Canada", "English", "", "", "Color", "4", "22", "TV Series", "True", "False", "False"
"239", "Schitt$ Creek", "8.5", "https://www.imdb.com/title/tt3526078/", "https://m.media-amazon.com/images/M/MV5BODk2Nzg4OWYtODczMy00NWRkLTg5ODQtZTU1ZGRhMzRhZGZhXkEyXkFqcGc@._V1_.jpg", "After being a victim of fraud, Johnny Rose and his family go from extremely wealthy to penniless overnight. The only asset left to them is a small, unsophisticated town: Schitt&apos;s Creek. They relocate there. Culture shock ensues.", "Comedy", "0", "TV-14", "motel, gay relationship, small town, real life father and son playing father and son, siblings living together", "CA", "366", "DOWN 50", "", "", "Eugene Levy, Catherine O'Hara, Dan Levy", "Eugene Levy, Catherine O'Hara, Dan Levy, Annie Murphy", "", "", "", "", "308385 Hockley Rd, Orangeville, Ontario, Canada", "English", "Stereo", "16:9 HD", "Color", "112", "153", "TV Series", "True", "False", "False"
"240", "The Office", "8.5", "https://www.imdb.com/title/tt0290978/", "https://m.media-amazon.com/images/M/MV5BNTk4MjNjODctNDgyZC00NDhkLWE1OGQtMjA3M2FlMDVjMjkzXkEyXkFqcGc@._V1_.jpg", "The story of an office that faces closure when the company decides to downsize its branches. A documentary film crew follow staff and the manager David Brent as they continue their daily lives.", "Comedy, Drama", "0", "TV-MA", "cringe comedy, office, mockumentary comedy, 21st century, workplace comedy", "GB", "875", "DOWN 133", "", "", "Ricky Gervais, Martin Freeman, Mackenzie Crook", "Ricky Gervais, Martin Freeman, Mackenzie Crook, Lucy Davis", "", "", "", "", "Slough Trading Estate, Slough, Berkshire, England, UK", "English", "Stereo", "1.78 : 1", "Color", "24", "18", "TV Series", "True", "False", "False"
"241", "The Great British Bake Off", "8.6", "https://www.imdb.com/title/tt1877368/", "https://m.media-amazon.com/images/M/MV5BNTc3MzZkZTQtMWM3MC00MThmLTlmNjctOWEwY2NjMzM2NTllXkEyXkFqcGc@._V1_.jpg", "Bakers attempt three challenges each week trying to impress the judges enough to go through to the next round and eventually are crowned Britain&apos;s best amateur baker.", "Game-Show, Reality-TV", "0", "TV-PG", "baking competition, baking bread, baker, food tasting, amateur", "GB", "533", "DOWN 78", "", "", "Paul Hollywood, Noel Fielding, Prue Leith", "Paul Hollywood, Noel Fielding, Prue Leith, Mary Berry", "", "", "", "", "", "English", "Stereo", "1.78 : 1, 16:9 HD", "Color", "10", "28", "TV Series", "True", "False", "False"
"242", "Yellowstone", "8.6", "https://www.imdb.com/title/tt4236770/", "https://m.media-amazon.com/images/M/MV5BZTYxYTdjZjEtNTc0My00NDU2LTkwZmQtNjhhNmJiMzQ3Zjc1XkEyXkFqcGc@._V1_.jpg", "A ranching family in Montana faces off against others encroaching on their land.", "Drama, Western", "0", "TV-MA", "ranch, native american, contemporary western, ranch owner, father son relationship", "US", "74", "DOWN 4", "", "", "Kevin Costner, Luke Grimes, Kelly Reilly", "Kevin Costner, Luke Grimes, Kelly Reilly, Wes Bentley", "", "", "", "", "Chief Joseph Ranch, 125 Appaloosa Trail, Darby, Montana, USA", "English", "Stereo", "2.00 : 1", "Color", "11", "52", "TV Series", "True", "False", "False"
"243", "Brass Eye", "8.6", "https://www.imdb.com/title/tt0118273/", "https://m.media-amazon.com/images/M/MV5BOTFhMGE2OWEtY2JiYS00MmUwLWIwMzMtYWZmZjdlZWI3MDI2XkEyXkFqcGc@._V1_.jpg", "Controversial spoof of current affairs television, and the role of celebrity in the UK.", "Comedy", "0", "TV-MA", "body part in title, body part in series title, two word series title, two word title, satire comedy", "GB", "3810", "UP 1189", "", "", "Christopher Morris, Mark Heap, Kevin Eldon", "Christopher Morris, Mark Heap, Kevin Eldon, Doon Mackichan", "", "", "", "", "", "English", "Stereo", "", "Color", "0", "3", "TV Series", "True", "False", "False"
"244", "Tash Ma Tash", "8.9", "https://www.imdb.com/title/tt5851616/", "https://m.media-amazon.com/images/M/MV5BYzMzMWMyMzQtNDk2OS00ZTY5LTkwNDctMGFhYmRiNGFlYzMzXkEyXkFqcGc@._V1_.jpg", "Follows two guys and their adventures in Kingdom Of Saudi Arabia.", "Comedy, Drama", "0", "", "saudi arabia, satire, arabian peninsula, western asia, asia", "SA", "3935", "UP 746", "", "", "Nasser Al Qasabi, Abdullah Al-Sadhan, Yousef Al-Jarrah", "Nasser Al Qasabi, Abdullah Al-Sadhan, Yousef Al-Jarrah, Fahad Al-Hayyan", "USD 75,000,000", "", "", "", "Riyadh, Saudi Arabia", "Arabic", "", "", "Color", "1", "0", "TV Series", "True", "False", "False"
"245", "Smiling Friends", "8.5", "https://www.imdb.com/title/tt12074628/", "https://m.media-amazon.com/images/M/MV5BYjNkMjdiZGEtMTg3Mi00YTAzLWJkMGYtMmIxMzNjMmRhOGNmXkEyXkFqcGc@._V1_.jpg", "In a colorful yet bizarre world, the employees at a small firm dedicated to making its customers smile discover that their jobs are rarely as simple as they seem.", "Animation, Short, Comedy", "0", "TV-MA", "surrealism, mission, 2020s, mature animation, for grown ups animation", "GB", "1106", "DOWN 144", "", "", "Michael Cusack, Zach Hadel, Marc M.", "Michael Cusack, Zach Hadel, Marc M., Joshua Tomar", "", "", "", "", "", "English", "Dolby Digital", "1.78 : 1, 16:9 HD", "Color", "0", "3", "TV Series", "True", "False", "False"
"246", "Kusuriya no hitorigoto", "8.6", "https://www.imdb.com/title/tt26743760/", "https://m.media-amazon.com/images/M/MV5BNjAxMmFjZjgtYjM1ZS00NzdmLTliZDktZmIyMzU5YTBlNDBmXkEyXkFqcGc@._V1_.jpg", "A young maiden is kidnapped and sold into servitude at the emperor&apos;s palace, where she secretly employs her pharmacist skills with the help of the head eunuch to unravel medical mysteries in the inner court.", "Animation, Drama, History", "0", "TV-14", "female protagonist, based on light novel, apothecary, anime animation, imperial palace", "JP", "594", "UP 56", "", "", "Aoi Yûki, Emi Lo, Takeo Otsuka", "Aoi Yûki, Emi Lo, Takeo Otsuka, Katsuyuki Konishi", "", "", "", "", "", "Japanese", "Dolby Digital", "", "Color", "24", "53", "TV Series", "True", "False", "False"
"247", "The Eric Andre Show", "8.5", "https://www.imdb.com/title/tt2244495/", "https://m.media-amazon.com/images/M/MV5BZGY0OGMzYjItNjhkMy00NjZjLThlZTEtMTdlYWU0NzliZWNkXkEyXkFqcGc@._V1_.jpg", "Eric Andre tries to host a talk show in a bizarre environment, where he is sometimes the player of pranks and sometimes the victim.", "Comedy, Reality-TV, Talk-Show", "0", "TV-MA", "bizarre comedy, sketch comedy, absurd comedy, surrealist comedy, parody", "US", "3571", "DOWN 864", "", "", "Eric André, Hannibal Buress, Robert Smith", "Eric André, Hannibal Buress, Robert Smith, Tom Ato", "", "", "", "", "Brooklyn, New York, USA", "English", "", "", "Color", "1", "2", "TV Series", "True", "False", "False"
"248", "The Boondocks", "8.5", "https://www.imdb.com/title/tt0373732/", "https://m.media-amazon.com/images/M/MV5BYjFjZTAxZTItYjhjZS00MzNkLTk0NDYtYWMxYTQxNTE3YTQxXkEyXkFqcGc@._V1_.jpg", "Brothers Huey and Riley Freeman experience a culture clash when they leave Chicago to move in with their grandfather in the suburbs.", "Animation, Action, Comedy", "0", "TV-MA", "satire, topical humor, shock humor, politics, race relations", "US", "1008", "DOWN 136", "", "", "Regina King, John Witherspoon, Gary Anthony Williams", "Regina King, John Witherspoon, Gary Anthony Williams, Cedric Yarbrough", "", "", "", "", "", "English", "Stereo", "1.78 : 1", "Color", "5", "6", "TV Series", "True", "False", "False"
"249", "The Expanse", "8.5", "https://www.imdb.com/title/tt3230854/", "https://m.media-amazon.com/images/M/MV5BYzUyYmI3MjctY2Q2MC00NmFjLTgwZGUtNWQzZWNlYmVjNzE2XkEyXkFqcGc@._V1_.jpg", "The disappearance of rich-girl-turned-political-activist links the lives of a Ceres detective, an accidental ship captain and U.N. politician. Amidst political tension between Earth, Mars and the Belt, they unravel the greatest co...", "Drama, Mystery, Sci-Fi", "0", "TV-14", "asteroid belt, outer space, alien technology, spaceship, solar system", "US", "246", "DOWN 14", "", "", "Steven Strait, Dominique Tipper, Wes Chatham", "Steven Strait, Dominique Tipper, Wes Chatham, Shohreh Aghdashloo", "", "", "", "", "Toronto, Ontario, Canada", "English", "Stereo", "", "Color", "7", "32", "TV Series", "True", "False", "False"
"250", "JoJo no Kimyô na Bôken", "8.6", "https://www.imdb.com/title/tt2359704/", "https://m.media-amazon.com/images/M/MV5BMzIyNzY4NTMtNmVhYS00OWFhLTkwMWMtOGFkNTdmNWU2ZDdiXkEyXkFqcGc@._V1_.jpg", "The story of the Joestar family, who are possessed with intense psychic strength, and the adventures each member encounters throughout their lives.", "Animation, Action, Adventure", "0", "TV-MA", "based on manga, violence, gore, shounen, anime", "JP", "199", "DOWN 38", "", "", "David Vincent, Daisuke Ono, Matthew Mercer", "David Vincent, Daisuke Ono, Matthew Mercer, Toru Okawa", "USD 480,000", "", "", "", "Tokyo, Japan", "Japanese, English", "Dolby Digital", "1.78 : 1", "Color", "3", "23", "TV Series", "True", "False", "False"
